,transaction_date,symboling,normalized-losses,make,num-of-doors,wheel-base,length,width,height,curb-weight,num-of-cylinders,engine-size,fuel-system,bore,stroke,compression-ratio,horsepower,peak-rpm,city-mpg,highway-mpg,price,city-L/100km,horsepower-binned,diesel,gas,symboling_MinMaxScaler,normalized-losses_MinMaxScaler,wheel-base_MinMaxScaler,length_MinMaxScaler,width_MinMaxScaler,height_MinMaxScaler,curb-weight_MinMaxScaler,engine-size_MinMaxScaler,bore_MinMaxScaler,stroke_RobustScaler,compression-ratio_RobustScaler,horsepower_MinMaxScaler,peak-rpm_MinMaxScaler,city-mpg_MinMaxScaler,highway-mpg_MinMaxScaler,price_RobustScaler,city-L/100km_MinMaxScaler,diesel_RobustScaler,gas_RobustScaler,aspiration_std,aspiration_turbo,body-style_convertible,body-style_hardtop,body-style_hatchback,body-style_sedan,body-style_wagon,drive-wheels_4wd,drive-wheels_awd,drive-wheels_fwd,drive-wheels_rwd,engine-location_front,engine-location_rear,engine-type_dohc,engine-type_l,engine-type_ohc,engine-type_ohcf,engine-type_ohcv
0,2025-01-01,3,122,0.016129032258064516,1,88.6,0.8111484863046613,0.8902777777777777,48.8,2548,2,130,0.46774193548387094,3.47,2.68,9.0,111.0,5000.0,21,27,13495.0,11.190476190476188,2,0,1,1.0,0.29842931937172773,0.068965517241379,0.4504065040650409,0.3247863247863245,0.0,0.41117145073700545,0.2839506172839506,0.6642857142857144,-2.033333333333331,0.0,0.39622641509433965,0.346938775510204,0.2,0.2894736842105263,0.40021707463368655,0.5333333333333332,0.0,0.0,1,0,1,0,0,0,0,0,0,0,1,1,0,1,0,0,0,0
1,2025-01-02,3,122,0.016129032258064516,1,88.6,0.8111484863046613,0.8902777777777777,48.8,2548,2,130,0.46774193548387094,3.47,2.68,9.0,111.0,5000.0,21,27,16500.0,11.190476190476188,2,0,1,1.0,0.29842931937172773,0.068965517241379,0.4504065040650409,0.3247863247863245,0.0,0.41117145073700545,0.2839506172839506,0.6642857142857144,-2.033333333333331,0.0,0.39622641509433965,0.346938775510204,0.2,0.2894736842105263,0.7435377452800548,0.5333333333333332,0.0,0.0,1,0,1,0,0,0,0,0,0,0,1,1,0,1,0,0,0,0
2,2025-03-01,1,122,0.016129032258064516,1,94.5,0.8226814031715521,0.9097222222222222,52.4,2823,3,152,0.46774193548387094,2.68,3.47,9.0,154.0,5000.0,19,26,16500.0,12.36842105263158,2,0,1,0.6000000000000001,0.29842931937172773,0.27241379310344804,0.4894308943089434,0.44444444444444464,0.32727272727272716,0.5178432893716058,0.37448559670781895,0.10000000000000009,0.6,0.0,0.6666666666666666,0.346938775510204,0.14285714285714285,0.26315789473684204,0.7435377452800548,0.6315789473684212,0.0,0.0,1,0,0,0,1,0,0,0,0,0,1,1,0,0,0,0,0,1
3,2025-01-04,2,164,0.03763440860215054,0,99.8,0.8486304661220567,0.9194444444444444,54.3,2337,2,109,0.46774193548387094,3.19,3.4,10.0,102.0,5500.0,24,30,13950.0,9.791666666666666,2,0,1,0.8,0.5183246073298429,0.45517241379310347,0.5772357723577235,0.5042735042735043,0.5,0.3293250581846392,0.19753086419753085,0.4642857142857142,0.3666666666666659,1.249999999999999,0.339622641509434,0.5510204081632655,0.28571428571428575,0.368421052631579,0.45220073691125645,0.4166666666666667,0.0,0.0,1,0,0,0,0,1,0,0,0,1,0,1,0,0,0,1,0,0
4,2025-05-01,2,164,0.03763440860215054,0,99.4,0.8486304661220567,0.9222222222222224,54.3,2824,1,136,0.46774193548387094,3.19,3.4,8.0,115.0,5500.0,18,22,17450.0,13.055555555555555,2,0,1,0.8,0.5183246073298429,0.4413793103448276,0.5772357723577235,0.5213675213675231,0.5,0.5182311869666407,0.30864197530864196,0.4642857142857142,0.3666666666666659,-1.249999999999999,0.42138364779874216,0.5510204081632655,0.11428571428571427,0.1578947368421053,0.8520750621233326,0.6888888888888891,0.0,0.0,1,0,0,0,0,1,0,1,0,0,0,1,0,0,0,1,0,0
5,2025-01-06,2,122,0.03763440860215054,1,99.8,0.8519942335415667,0.9208333333333332,53.1,2507,1,136,0.46774193548387094,3.19,3.4,8.5,110.0,5500.0,19,25,15250.0,12.36842105263158,2,0,1,0.8,0.29842931937172773,0.45517241379310347,0.588617886178862,0.5128205128205119,0.39090909090909065,0.3952676493405741,0.30864197530864196,0.4642857142857142,0.3666666666666659,-0.6249999999999994,0.389937106918239,0.5510204081632655,0.14285714285714285,0.23684210526315785,0.600725486275742,0.6315789473684212,0.0,0.0,1,0,0,0,0,1,0,0,0,1,0,1,0,0,0,1,0,0
6,2025-07-01,1,158,0.03763440860215054,0,105.8,0.9259971167707832,0.9916666666666668,55.7,2844,1,136,0.46774193548387094,3.19,3.4,8.5,110.0,5500.0,19,25,17710.0,12.36842105263158,2,0,1,0.6000000000000001,0.486910994764398,0.6620689655172414,0.8390243902439023,0.9487179487179498,0.6272727272727279,0.525989138867339,0.30864197530864196,0.4642857142857142,0.3666666666666659,-0.6249999999999994,0.389937106918239,0.5510204081632655,0.14285714285714285,0.23684210526315785,0.8817800119962298,0.6315789473684212,0.0,0.0,1,0,0,0,0,1,0,0,0,1,0,1,0,0,0,1,0,0
7,2025-01-08,1,122,0.03763440860215054,0,105.8,0.9259971167707832,0.9916666666666668,55.7,2954,1,136,0.46774193548387094,3.19,3.4,8.5,110.0,5500.0,19,25,18920.0,12.36842105263158,2,0,1,0.6000000000000001,0.29842931937172773,0.6620689655172414,0.8390243902439023,0.9487179487179498,0.6272727272727279,0.5686578743211792,0.30864197530864196,0.4642857142857142,0.3666666666666659,-0.6249999999999994,0.389937106918239,0.5510204081632655,0.14285714285714285,0.23684210526315785,1.0200222787124047,0.6315789473684212,0.0,0.0,1,0,0,0,0,0,1,0,0,1,0,1,0,0,0,1,0,0
8,2025-09-01,1,158,0.03763440860215054,0,105.8,0.9259971167707832,0.9916666666666668,55.9,3086,1,131,0.46774193548387094,3.13,3.4,8.3,140.0,5500.0,17,20,23875.0,13.823529411764708,2,0,1,0.6000000000000001,0.486910994764398,0.6620689655172414,0.8390243902439023,0.9487179487179498,0.6454545454545455,0.6198603568657874,0.28806584362139925,0.4214285714285715,0.3666666666666659,-0.8749999999999983,0.5786163522012578,0.5510204081632655,0.08571428571428574,0.10526315789473684,1.586130073405501,0.7529411764705887,0.0,0.0,0,1,0,0,0,1,0,0,0,1,0,1,0,0,0,1,0,0
9,2025-01-10,2,192,0.03763440860215054,1,101.2,0.8495915425276309,0.8999999999999999,54.3,2395,2,108,0.46774193548387094,3.5,2.8,8.8,101.0,5800.0,23,29,16430.0,10.217391304347826,1,0,1,0.8,0.6649214659685865,0.5034482758620689,0.5804878048780489,0.38461538461538414,0.5,0.35182311869666405,0.1934156378600823,0.6857142857142857,-1.6333333333333326,-0.2499999999999989,0.33333333333333337,0.6734693877551019,0.2571428571428572,0.3421052631578947,0.7355402587758133,0.45217391304347837,0.0,0.0,1,0,0,0,0,1,0,0,0,0,1,1,0,0,0,1,0,0
11,2025-01-12,0,188,0.03763440860215054,1,101.2,0.8495915425276309,0.8999999999999999,54.3,2710,3,164,0.46774193548387094,3.31,3.19,9.0,121.0,4250.0,21,28,20970.0,11.190476190476188,2,0,1,0.4,0.6439790575916231,0.5034482758620689,0.5804878048780489,0.38461538461538414,0.5,0.474010861132661,0.42386831275720166,0.55,-0.3333333333333333,0.0,0.4591194968553459,0.04081632653061229,0.2,0.3157894736842105,1.2542343834794778,0.5333333333333332,0.0,0.0,1,0,0,0,0,1,0,0,0,0,1,1,0,0,0,1,0,0
12,2025-01-13,0,188,0.03763440860215054,0,101.2,0.8495915425276309,0.8999999999999999,54.3,2765,3,164,0.46774193548387094,3.31,3.19,9.0,121.0,4250.0,21,28,21105.0,11.190476190476188,2,0,1,0.4,0.6439790575916231,0.5034482758620689,0.5804878048780489,0.38461538461538414,0.5,0.495345228859581,0.42386831275720166,0.55,-0.3333333333333333,0.0,0.4591194968553459,0.04081632653061229,0.2,0.3157894736842105,1.2696581074519437,0.5333333333333332,0.0,0.0,1,0,0,0,0,1,0,0,1,0,0,1,0,0,0,1,0,0
13,2025-01-14,1,122,0.03763440860215054,0,103.5,0.9082172032676598,0.9291666666666668,55.7,3055,3,164,0.46774193548387094,3.31,3.19,9.0,121.0,4250.0,20,25,24565.0,11.75,2,0,1,0.6000000000000001,0.29842931937172773,0.5827586206896553,0.7788617886178861,0.5641025641025648,0.6272727272727279,0.6078355314197053,0.42386831275720166,0.55,-0.3333333333333333,0.0,0.4591194968553459,0.04081632653061229,0.17142857142857143,0.23684210526315785,1.6649624403758818,0.5800000000000001,0.0,0.0,1,0,0,0,0,1,0,0,0,0,1,1,0,0,0,1,0,0
14,2025-01-15,0,122,0.03763440860215054,0,103.5,0.9082172032676598,0.9291666666666668,55.7,3230,3,209,0.46774193548387094,3.62,3.39,8.0,182.0,5400.0,16,22,30760.0,14.6875,0,0,1,0.4,0.29842931937172773,0.5827586206896553,0.7788617886178861,0.5641025641025648,0.6272727272727279,0.6757176105508145,0.609053497942387,0.7714285714285716,0.3333333333333333,-1.249999999999999,0.8427672955974842,0.5102040816326532,0.05714285714285716,0.1578947368421053,2.3727399960012567,0.8250000000000002,0.0,0.0,1,0,0,0,0,1,0,0,0,0,1,1,0,0,0,1,0,0
16,2025-01-17,0,122,0.03763440860215054,0,110.0,0.9466602594906296,0.9847222222222224,56.3,3505,3,209,0.46774193548387094,3.62,3.39,8.0,182.0,5400.0,15,20,36880.0,15.666666666666664,0,0,1,0.4,0.29842931937172773,0.806896551724138,0.9089430894308945,0.9059829059829072,0.6818181818181817,0.7823894491854151,0.609053497942387,0.7714285714285716,0.3333333333333333,-1.249999999999999,0.8427672955974842,0.5102040816326532,0.02857142857142858,0.10526315789473684,3.071948816086373,0.9066666666666665,0.0,0.0,1,0,0,0,0,1,0,0,0,0,1,1,0,0,0,1,0,0
17,2025-01-18,2,121,0.016129032258064516,1,88.4,0.6780394041326285,0.8374999999999999,53.2,1488,4,61,0.3225806451612903,2.91,3.03,9.5,48.0,5100.0,47,53,5151.0,5.0,1,0,1,0.8,0.29319371727748694,0.062068965517241725,0.0,0.0,0.40000000000000036,0.0,0.0,0.26428571428571446,-0.8666666666666667,0.6249999999999994,0.0,0.3877551020408163,0.9428571428571428,0.9736842105263157,-0.5530833166719031,0.01702127659574476,0.0,0.0,1,0,0,0,1,0,0,0,0,1,0,1,0,0,1,0,0,0
18,2025-01-19,1,98,0.016129032258064516,1,94.5,0.7491590581451226,0.8833333333333333,52.0,1874,2,90,0.46774193548387094,3.03,3.11,9.6,70.0,5400.0,38,43,6295.0,6.184210526315789,1,0,1,0.6000000000000001,0.1727748691099476,0.27241379310344804,0.24065040650406555,0.28205128205128194,0.290909090909091,0.14972847168347558,0.11934156378600824,0.34999999999999987,-0.6,0.7499999999999989,0.1383647798742138,0.5102040816326532,0.6857142857142857,0.7105263157894737,-0.4223815372311559,0.11578947368421061,0.0,0.0,1,0,0,0,1,0,0,0,0,1,0,1,0,0,0,1,0,0
19,2025-01-20,0,81,0.016129032258064516,0,94.5,0.7630946660259491,0.8833333333333333,52.0,1909,2,90,0.3225806451612903,3.03,3.11,9.6,70.0,5400.0,38,43,6575.0,6.184210526315789,1,0,1,0.4,0.08376963350785338,0.27241379310344804,0.28780487804878074,0.28205128205128194,0.290909090909091,0.1633048875096974,0.11934156378600824,0.34999999999999987,-0.6,0.7499999999999989,0.1383647798742138,0.5102040816326532,0.6857142857142857,0.7105263157894737,-0.3903915912141898,0.11578947368421061,0.0,0.0,1,0,0,0,0,1,0,0,0,1,0,1,0,0,0,1,0,0
21,2025-01-22,1,118,0.043010752688172046,1,93.7,0.7558865929841423,0.8861111111111111,50.8,1876,2,90,0.3225806451612903,2.97,3.23,9.4,68.0,5500.0,31,38,6377.0,7.580645161290323,1,0,1,0.6000000000000001,0.27748691099476436,0.2448275862068967,0.2634146341463417,0.29914529914529897,0.18181818181818166,0.15050426687354534,0.11934156378600824,0.30714285714285716,-0.2,0.5,0.12578616352201255,0.5510204081632655,0.4857142857142857,0.5789473684210527,-0.413013053040473,0.23225806451612913,0.0,0.0,1,0,0,0,1,0,0,0,0,1,0,1,0,0,0,1,0,0
22,2025-01-23,1,118,0.043010752688172046,1,93.7,0.7558865929841423,0.8861111111111111,50.8,2128,2,98,0.46774193548387094,3.03,3.39,7.6,102.0,5500.0,24,30,7957.0,9.791666666666666,2,0,1,0.6000000000000001,0.27748691099476436,0.2448275862068967,0.2634146341463417,0.29914529914529897,0.18181818181818166,0.24825446082234293,0.15226337448559674,0.34999999999999987,0.3333333333333333,-1.749999999999999,0.339622641509434,0.5510204081632655,0.28571428571428575,0.368421052631579,-0.23249835765902144,0.4166666666666667,0.0,0.0,0,1,0,0,1,0,0,0,0,1,0,1,0,0,0,1,0,0
23,2025-01-24,1,148,0.043010752688172046,0,93.7,0.7558865929841423,0.8861111111111111,50.6,1967,2,90,0.3225806451612903,2.97,3.23,9.4,68.0,5500.0,31,38,6229.0,7.580645161290323,1,0,1,0.6000000000000001,0.43455497382198954,0.2448275862068967,0.2634146341463417,0.29914529914529897,0.16363636363636402,0.18580294802172226,0.11934156378600824,0.30714285714285716,-0.2,0.5,0.12578616352201255,0.5510204081632655,0.4857142857142857,0.5789473684210527,-0.4299220245065836,0.23225806451612913,0.0,0.0,1,0,0,0,1,0,0,0,0,1,0,1,0,0,0,1,0,0
24,2025-01-25,1,148,0.043010752688172046,0,93.7,0.7558865929841423,0.8861111111111111,50.6,1989,2,90,0.3225806451612903,2.97,3.23,9.4,68.0,5500.0,31,38,6692.0,7.580645161290323,1,0,1,0.6000000000000001,0.43455497382198954,0.2448275862068967,0.2634146341463417,0.29914529914529897,0.16363636363636402,0.1943366951124903,0.11934156378600824,0.30714285714285716,-0.2,0.5,0.12578616352201255,0.5510204081632655,0.4857142857142857,0.5789473684210527,-0.37702436377138615,0.23225806451612913,0.0,0.0,1,0,0,0,0,1,0,0,0,1,0,1,0,0,0,1,0,0
25,2025-01-26,1,148,0.043010752688172046,0,93.7,0.7558865929841423,0.8861111111111111,50.6,1989,2,90,0.3225806451612903,2.97,3.23,9.4,68.0,5500.0,31,38,7609.0,7.580645161290323,1,0,1,0.6000000000000001,0.43455497382198954,0.2448275862068967,0.2634146341463417,0.29914529914529897,0.16363636363636402,0.1943366951124903,0.11934156378600824,0.30714285714285716,-0.2,0.5,0.12578616352201255,0.5510204081632655,0.4857142857142857,0.5789473684210527,-0.27225729056582215,0.23225806451612913,0.0,0.0,1,0,0,0,0,1,0,0,0,1,0,1,0,0,0,1,0,0
26,2025-01-27,1,148,0.043010752688172046,0,93.7,0.7558865929841423,0.8861111111111111,50.6,2191,2,98,0.46774193548387094,3.03,3.39,7.6,102.0,5500.0,24,30,8558.0,9.791666666666666,2,0,1,0.6000000000000001,0.43455497382198954,0.2448275862068967,0.2634146341463417,0.29914529914529897,0.16363636363636402,0.2726920093095423,0.15226337448559674,0.34999999999999987,0.3333333333333333,-1.749999999999999,0.339622641509434,0.5510204081632655,0.28571428571428575,0.368421052631579,-0.1638342235297478,0.4166666666666667,0.0,0.0,0,1,0,0,0,1,0,0,0,1,0,1,0,0,0,1,0,0
27,2025-01-28,-1,110,0.043010752688172046,0,103.3,0.8390197020663143,0.8972222222222221,59.8,2535,2,122,0.3225806451612903,3.34,3.46,8.5,88.0,5000.0,24,30,8921.0,9.791666666666666,1,0,1,0.2,0.23560209424083772,0.5758620689655172,0.5447154471544717,0.3675213675213671,1.0,0.40612878200155156,0.25102880658436216,0.5714285714285714,0.5666666666666659,-0.6249999999999994,0.2515723270440251,0.346938775510204,0.28571428571428575,0.368421052631579,-0.12236154351489532,0.4166666666666667,0.0,0.0,1,0,0,0,0,0,1,0,0,1,0,1,0,0,0,1,0,0
28,2025-01-29,3,145,0.043010752688172046,1,95.9,0.8322921672272945,0.9208333333333332,50.2,2811,2,156,0.005376344086021506,3.6,3.9,7.0,145.0,5000.0,19,24,12964.0,12.36842105263158,2,0,1,1.0,0.41884816753926707,0.3206896551724139,0.5219512195121947,0.5128205128205119,0.12727272727272787,0.513188518231187,0.3909465020576132,0.7571428571428573,2.033333333333331,-2.499999999999998,0.610062893081761,0.346938775510204,0.14285714285714285,0.21052631578947367,0.3395504270086544,0.6315789473684212,0.0,0.0,0,1,0,0,1,0,0,0,0,1,0,1,0,0,0,1,0,0
29,2025-01-30,2,137,0.053763440860215055,1,86.6,0.6948582412301778,0.8875,50.8,1713,2,92,0.053763440860215055,2.91,3.41,9.6,58.0,4800.0,49,54,6479.0,4.795918367346938,1,0,1,0.8,0.3769633507853403,0.0,0.056910569105691255,0.3076923076923075,0.18181818181818166,0.08727695888285492,0.12757201646090538,0.26428571428571446,0.4,0.7499999999999989,0.06289308176100628,0.26530612244897966,1.0,1.0,-0.40135957270572103,0.0,0.0,0.0,1,0,0,0,1,0,0,0,0,1,0,1,0,0,0,1,0,0
30,2025-01-31,2,137,0.03763440860215054,1,86.6,0.6948582412301778,0.8875,50.8,1819,2,92,0.053763440860215055,2.91,3.41,9.2,76.0,6000.0,31,38,6855.0,7.580645161290323,1,0,1,0.8,0.3769633507853403,0.0,0.056910569105691255,0.3076923076923075,0.18181818181818166,0.12839410395655548,0.12757201646090538,0.26428571428571446,0.4,0.2499999999999989,0.17610062893081757,0.7551020408163265,0.4857142857142857,0.5789473684210527,-0.35840164519722373,0.23225806451612913,0.0,0.0,1,0,0,0,1,0,0,0,0,1,0,1,0,0,0,1,0,0
31,2025-02-01,1,101,0.053763440860215055,1,93.7,0.7208073041806824,0.8888888888888888,52.6,1837,2,79,0.053763440860215055,2.91,3.07,10.1,60.0,5500.0,38,42,5399.0,6.184210526315789,1,0,1,0.6000000000000001,0.1884816753926702,0.2448275862068967,0.14471544715447182,0.316239316239316,0.3454545454545457,0.1353762606671839,0.07407407407407407,0.26428571428571446,-0.7333333333333333,1.3749999999999984,0.07547169811320753,0.5510204081632655,0.6857142857142857,0.6842105263157894,-0.5247493644854474,0.11578947368421061,0.0,0.0,1,0,0,0,1,0,0,0,0,1,0,1,0,0,0,1,0,0
32,2025-02-02,1,101,0.053763440860215055,1,93.7,0.7208073041806824,0.8888888888888888,52.6,1940,2,92,0.053763440860215055,2.91,3.41,9.2,76.0,6000.0,30,34,6529.0,7.833333333333332,1,0,1,0.6000000000000001,0.1884816753926702,0.2448275862068967,0.14471544715447182,0.316239316239316,0.3454545454545457,0.1753297129557797,0.12757201646090538,0.26428571428571446,0.4,0.2499999999999989,0.17610062893081757,0.7551020408163265,0.45714285714285713,0.4736842105263157,-0.3956470823455485,0.25333333333333324,0.0,0.0,1,0,0,0,1,0,0,0,0,1,0,1,0,0,0,1,0,0
33,2025-02-03,1,101,0.053763440860215055,1,93.7,0.7208073041806824,0.8888888888888888,52.6,1956,2,92,0.053763440860215055,2.91,3.41,9.2,76.0,6000.0,30,34,7129.0,7.833333333333332,1,0,1,0.6000000000000001,0.1884816753926702,0.2448275862068967,0.14471544715447182,0.316239316239316,0.3454545454545457,0.18153607447633824,0.12757201646090538,0.26428571428571446,0.4,0.2499999999999989,0.17610062893081757,0.7551020408163265,0.45714285714285713,0.4736842105263157,-0.3270971980234783,0.25333333333333324,0.0,0.0,1,0,0,0,1,0,0,0,0,1,0,1,0,0,0,1,0,0
34,2025-04-02,0,110,0.053763440860215055,0,96.5,0.7851994233541567,0.8888888888888888,54.5,2010,2,92,0.053763440860215055,2.91,3.41,9.2,76.0,6000.0,30,34,7295.0,7.833333333333332,1,0,1,0.4,0.23560209424083772,0.3413793103448275,0.36260162601626034,0.316239316239316,0.5181818181818185,0.20248254460822346,0.12757201646090538,0.26428571428571446,0.4,0.2499999999999989,0.17610062893081757,0.7551020408163265,0.45714285714285713,0.4736842105263157,-0.30813173002770555,0.25333333333333324,0.0,0.0,1,0,0,0,0,1,0,0,0,1,0,1,0,0,0,1,0,0
36,2025-06-02,0,106,0.053763440860215055,1,96.5,0.8049014896684287,0.9055555555555556,53.3,2236,2,110,0.053763440860215055,3.15,3.58,9.0,86.0,5800.0,27,33,7895.0,8.703703703703704,1,0,1,0.4,0.21465968586387435,0.3413793103448275,0.4292682926829272,0.4188034188034191,0.40909090909090917,0.29014740108611325,0.20164609053497945,0.4357142857142857,0.9666666666666659,0.0,0.23899371069182385,0.6734693877551019,0.3714285714285714,0.4473684210526315,-0.23958184570563537,0.325925925925926,0.0,0.0,1,0,0,0,1,0,0,0,0,1,0,1,0,0,0,1,0,0
37,2025-02-07,0,106,0.053763440860215055,1,96.5,0.8049014896684287,0.9055555555555556,53.3,2289,2,110,0.053763440860215055,3.15,3.58,9.0,86.0,5800.0,27,33,9095.0,8.703703703703704,1,0,1,0.4,0.21465968586387435,0.3413793103448275,0.4292682926829272,0.4188034188034191,0.40909090909090917,0.3107059736229635,0.20164609053497945,0.4357142857142857,0.9666666666666659,0.0,0.23899371069182385,0.6734693877551019,0.3714285714285714,0.4473684210526315,-0.10248207706149495,0.325925925925926,0.0,0.0,1,0,0,0,1,0,0,0,0,1,0,1,0,0,0,1,0,0
38,2025-08-02,0,85,0.053763440860215055,0,96.5,0.8428640076886112,0.9055555555555556,54.1,2304,2,110,0.053763440860215055,3.15,3.58,9.0,86.0,5800.0,27,33,8845.0,8.703703703703704,1,0,1,0.4,0.10471204188481675,0.3413793103448275,0.5577235772357723,0.4188034188034191,0.48181818181818237,0.31652443754848725,0.20164609053497945,0.4357142857142857,0.9666666666666659,0.0,0.23899371069182385,0.6734693877551019,0.3714285714285714,0.4473684210526315,-0.13104452886235754,0.325925925925926,0.0,0.0,1,0,0,0,0,1,0,0,0,1,0,1,0,0,0,1,0,0
39,2025-02-09,0,85,0.053763440860215055,0,96.5,0.8428640076886112,0.8680555555555556,54.1,2372,2,110,0.053763440860215055,3.15,3.58,9.0,86.0,5800.0,27,33,10295.0,8.703703703703704,1,0,1,0.4,0.10471204188481675,0.3413793103448275,0.5577235772357723,0.18803418803418825,0.48181818181818237,0.34290147401086113,0.20164609053497945,0.4357142857142857,0.9666666666666659,0.0,0.23899371069182385,0.6734693877551019,0.3714285714285714,0.4473684210526315,0.03461769158264545,0.325925925925926,0.0,0.0,1,0,0,0,0,1,0,0,0,1,0,1,0,0,0,1,0,0
41,2025-02-11,1,107,0.053763440860215055,1,96.5,0.8125901009130225,0.9166666666666666,51.0,2293,2,110,0.3225806451612903,3.15,3.58,9.1,100.0,5500.0,25,31,10345.0,9.4,1,0,1,0.6000000000000001,0.21989528795811514,0.3413793103448275,0.45528455284552827,0.4871794871794872,0.20000000000000018,0.3122575640031032,0.20164609053497945,0.4357142857142857,0.9666666666666659,0.12499999999999944,0.32704402515723274,0.5510204081632655,0.31428571428571433,0.39473684210526316,0.04033018194281797,0.38400000000000006,0.0,0.0,1,0,0,0,0,1,0,0,0,1,0,1,0,0,0,1,0,0
42,2025-12-02,0,122,0.010752688172043012,0,94.3,0.8202787121576165,0.8583333333333333,53.5,2337,2,111,0.3225806451612903,3.31,3.23,8.5,78.0,4800.0,24,29,6785.0,9.791666666666666,1,0,1,0.4,0.29842931937172773,0.2655172413793103,0.4813008130081302,0.12820512820512864,0.4272727272727277,0.3293250581846392,0.205761316872428,0.55,-0.2,-0.6249999999999994,0.18867924528301883,0.26530612244897966,0.28571428571428575,0.3421052631578947,-0.36639913170146526,0.4166666666666667,0.0,0.0,1,0,0,0,0,1,0,0,0,0,1,1,0,0,0,1,0,0
43,2025-02-13,2,122,0.010752688172043012,1,96.0,0.8294089380105718,0.9055555555555556,51.4,2734,2,119,0.005376344086021506,3.43,3.23,9.2,90.0,5000.0,24,29,11048.0,9.791666666666666,1,0,1,0.8,0.29842931937172773,0.32413793103448274,0.5121951219512195,0.4188034188034191,0.23636363636363633,0.4833204034134988,0.23868312757201648,0.6357142857142859,-0.2,0.2499999999999989,0.26415094339622636,0.346938775510204,0.28571428571428575,0.3421052631578947,0.12064779640684356,0.4166666666666667,0.0,0.0,1,0,0,0,1,0,0,0,0,0,1,1,0,0,0,1,0,0
44,2025-02-14,0,145,0.010752688172043012,0,113.0,0.9591542527630946,0.9666666666666666,52.8,4066,3,258,0.46774193548387094,3.63,4.17,8.1,176.0,4750.0,15,19,32250.0,15.666666666666664,0,0,1,0.4,0.41884816753926707,0.9103448275862069,0.9512195121951219,0.7948717948717947,0.3636363636363633,1.0,0.8106995884773662,0.7785714285714287,2.9333333333333305,-1.1249999999999996,0.8050314465408804,0.24489795918367352,0.02857142857142858,0.07894736842105265,2.5429722087343976,0.9066666666666665,0.0,0.0,1,0,0,0,0,1,0,0,0,0,1,1,0,1,0,0,0,0
45,2025-02-15,0,122,0.010752688172043012,0,113.0,0.9591542527630946,0.9666666666666666,52.8,4066,3,258,0.46774193548387094,3.63,4.17,8.1,176.0,4750.0,15,19,35550.0,15.666666666666664,0,0,1,0.4,0.29842931937172773,0.9103448275862069,0.9512195121951219,0.7948717948717947,0.3636363636363633,1.0,0.8106995884773662,0.7785714285714287,2.9333333333333305,-1.1249999999999996,0.8050314465408804,0.24489795918367352,0.02857142857142858,0.07894736842105265,2.919996572505784,0.9066666666666665,0.0,0.0,1,0,0,0,0,1,0,0,0,0,1,1,0,1,0,0,0,0
47,2025-02-17,1,104,0.06989247311827956,1,93.1,0.7645362806343105,0.8916666666666667,54.1,1890,2,91,0.3225806451612903,3.03,3.15,9.0,68.0,5000.0,30,31,5195.0,7.833333333333332,1,0,1,0.6000000000000001,0.20418848167539266,0.22413793103448265,0.29268292682926855,0.3333333333333339,0.48181818181818237,0.15593483320403412,0.12345679012345678,0.34999999999999987,-0.4666666666666667,0.0,0.12578616352201255,0.346938775510204,0.45714285714285713,0.39473684210526316,-0.5480563251549513,0.25333333333333324,0.0,0.0,1,0,0,0,1,0,0,0,0,1,0,1,0,0,0,1,0,0
48,2025-02-18,1,104,0.06989247311827956,1,93.1,0.7645362806343105,0.8916666666666667,54.1,1900,2,91,0.3225806451612903,3.03,3.15,9.0,68.0,5000.0,31,38,6095.0,7.580645161290323,1,0,1,0.6000000000000001,0.20418848167539266,0.22413793103448265,0.29268292682926855,0.3333333333333339,0.48181818181818237,0.15981380915438326,0.12345679012345678,0.34999999999999987,-0.4666666666666667,0.0,0.12578616352201255,0.346938775510204,0.4857142857142857,0.5789473684210527,-0.44523149867184597,0.23225806451612913,0.0,0.0,1,0,0,0,1,0,0,0,0,1,0,1,0,0,0,1,0,0
49,2025-02-19,1,104,0.06989247311827956,1,93.1,0.7645362806343105,0.8916666666666667,54.1,1905,2,91,0.3225806451612903,3.03,3.15,9.0,68.0,5000.0,31,38,6795.0,7.580645161290323,1,0,1,0.6000000000000001,0.20418848167539266,0.22413793103448265,0.29268292682926855,0.3333333333333339,0.48181818181818237,0.16175329712955777,0.12345679012345678,0.34999999999999987,-0.4666666666666667,0.0,0.12578616352201255,0.346938775510204,0.4857142857142857,0.5789473684210527,-0.3652566336294307,0.23225806451612913,0.0,0.0,1,0,0,0,1,0,0,0,0,1,0,1,0,0,0,1,0,0
50,2025-02-20,1,113,0.06989247311827956,0,93.1,0.8015377222489188,0.8916666666666667,54.1,1945,2,91,0.3225806451612903,3.03,3.15,9.0,68.0,5000.0,31,38,6695.0,7.580645161290323,1,0,1,0.6000000000000001,0.2513089005235602,0.22413793103448265,0.4178861788617887,0.3333333333333339,0.48181818181818237,0.17726920093095422,0.12345679012345678,0.34999999999999987,-0.4666666666666667,0.0,0.12578616352201255,0.346938775510204,0.4857142857142857,0.5789473684210527,-0.37668161434977576,0.23225806451612913,0.0,0.0,1,0,0,0,0,1,0,0,0,0,1,1,0,0,0,1,0,0
51,2025-02-21,1,113,0.06989247311827956,0,93.1,0.8015377222489188,0.8916666666666667,54.1,1950,2,91,0.3225806451612903,3.08,3.15,9.0,68.0,5000.0,31,38,7395.0,7.580645161290323,1,0,1,0.6000000000000001,0.2513089005235602,0.22413793103448265,0.4178861788617887,0.3333333333333339,0.48181818181818237,0.17920868890612873,0.12345679012345678,0.3857142857142859,-0.4666666666666667,0.0,0.12578616352201255,0.346938775510204,0.4857142857142857,0.5789473684210527,-0.2967067493073605,0.23225806451612913,0.0,0.0,1,0,0,0,0,1,0,0,0,1,0,1,0,0,0,1,0,0
56,2025-02-26,1,129,0.06989247311827956,1,98.8,0.8543969245555022,0.9236111111111112,53.7,2385,2,122,0.3225806451612903,3.39,3.39,8.6,84.0,4800.0,26,32,8845.0,9.038461538461537,1,0,1,0.6000000000000001,0.3350785340314136,0.4206896551724135,0.5967479674796752,0.5299145299145307,0.4454545454545453,0.3479441427463149,0.25102880658436216,0.6071428571428574,0.3333333333333333,-0.5,0.2264150943396226,0.26530612244897966,0.3428571428571429,0.42105263157894735,-0.13104452886235754,0.35384615384615375,0.0,0.0,1,0,0,0,1,0,0,0,0,1,0,1,0,0,0,1,0,0
57,2025-02-27,0,115,0.06989247311827956,0,98.8,0.8543969245555022,0.9236111111111112,55.5,2410,2,122,0.3225806451612903,3.39,3.39,8.6,84.0,4800.0,26,32,8495.0,9.038461538461537,1,0,1,0.4,0.2617801047120419,0.4206896551724135,0.5967479674796752,0.5299145299145307,0.6090909090909093,0.3576415826221877,0.25102880658436216,0.6071428571428574,0.3333333333333333,-0.5,0.2264150943396226,0.26530612244897966,0.3428571428571429,0.42105263157894735,-0.17103196138356516,0.35384615384615375,0.0,0.0,1,0,0,0,0,1,0,0,0,1,0,1,0,0,0,1,0,0
58,2025-02-28,1,129,0.06989247311827956,1,98.8,0.8543969245555022,0.9236111111111112,53.7,2385,2,122,0.3225806451612903,3.39,3.39,8.6,84.0,4800.0,26,32,10595.0,9.038461538461537,1,0,1,0.6000000000000001,0.3350785340314136,0.4206896551724135,0.5967479674796752,0.5299145299145307,0.4454545454545453,0.3479441427463149,0.25102880658436216,0.6071428571428574,0.3333333333333333,-0.5,0.2264150943396226,0.26530612244897966,0.3428571428571429,0.42105263157894735,0.06889263374368056,0.35384615384615375,0.0,0.0,1,0,0,0,1,0,0,0,0,1,0,1,0,0,0,1,0,0
59,2025-03-01,0,115,0.06989247311827956,0,98.8,0.8543969245555022,0.9236111111111112,55.5,2410,2,122,0.3225806451612903,3.39,3.39,8.6,84.0,4800.0,26,32,10245.0,9.038461538461537,1,0,1,0.4,0.2617801047120419,0.4206896551724135,0.5967479674796752,0.5299145299145307,0.6090909090909093,0.3576415826221877,0.25102880658436216,0.6071428571428574,0.3333333333333333,-0.5,0.2264150943396226,0.26530612244897966,0.3428571428571429,0.42105263157894735,0.028905201222472938,0.35384615384615375,0.0,0.0,1,0,0,0,0,1,0,0,0,1,0,1,0,0,0,1,0,0
60,2025-02-03,0,122,0.06989247311827956,0,98.8,0.8543969245555022,0.9236111111111112,55.5,2443,2,122,0.10215053763440861,3.39,3.39,22.7,64.0,4650.0,36,42,10795.0,6.527777777777778,1,1,0,0.4,0.29842931937172773,0.4206896551724135,0.5967479674796752,0.5299145299145307,0.6090909090909093,0.37044220325833976,0.25102880658436216,0.6071428571428574,0.3333333333333333,17.124999999999982,0.10062893081761004,0.20408163265306123,0.6285714285714286,0.6842105263157894,0.09174259518437063,0.14444444444444454,1.0,-1.0,1,0,0,0,0,1,0,0,0,1,0,1,0,0,0,1,0,0
61,2025-03-03,0,115,0.06989247311827956,0,98.8,0.8543969245555022,0.9236111111111112,55.5,2425,2,122,0.3225806451612903,3.39,3.39,8.6,84.0,4800.0,26,32,11245.0,9.038461538461537,1,0,1,0.4,0.2617801047120419,0.4206896551724135,0.5967479674796752,0.5299145299145307,0.6090909090909093,0.36346004654771136,0.25102880658436216,0.6071428571428574,0.3333333333333333,-0.5,0.2264150943396226,0.26530612244897966,0.3428571428571429,0.42105263157894735,0.14315500842592327,0.35384615384615375,0.0,0.0,1,0,0,0,1,0,0,0,0,1,0,1,0,0,0,1,0,0
62,2025-04-03,0,118,0.06989247311827956,0,104.9,0.8409418548774628,0.9180555555555556,54.4,2670,2,140,0.46774193548387094,3.76,3.16,8.0,120.0,5000.0,19,27,18280.0,12.36842105263158,2,0,1,0.4,0.27748691099476436,0.6310344827586207,0.551219512195122,0.49572649572649663,0.5090909090909088,0.45849495733126444,0.32510288065843623,0.8714285714285712,-0.43333333333333257,-1.249999999999999,0.4528301886792453,0.346938775510204,0.14285714285714285,0.2894736842105263,0.9469024021021964,0.6315789473684212,0.0,0.0,1,0,0,0,0,1,0,0,0,0,1,1,0,0,0,1,0,0
63,2025-03-05,0,122,0.06989247311827956,0,104.9,0.8409418548774628,0.9180555555555556,54.4,2700,2,134,0.10215053763440861,3.43,3.64,22.0,72.0,4200.0,31,39,18344.0,7.580645161290323,1,1,0,0.4,0.29842931937172773,0.6310344827586207,0.551219512195122,0.49572649572649663,0.5090909090909088,0.47013188518231197,0.3004115226337449,0.6357142857142859,1.1666666666666659,16.249999999999986,0.15094339622641506,0.020408163265306145,0.4857142857142857,0.6052631578947367,0.9542143897632173,0.23225806451612913,1.0,-1.0,1,0,0,0,0,1,0,0,0,0,1,1,0,0,0,1,0,0
64,2025-06-03,-1,93,0.03763440860215054,0,110.0,0.9173474291206152,0.9763888888888888,56.5,3515,1,183,0.10215053763440861,3.58,3.64,21.5,123.0,4350.0,22,25,25552.0,10.681818181818182,2,1,0,0.2,0.14659685863874344,0.806896551724138,0.8097560975609759,0.8547008547008543,0.7000000000000002,0.7862684251357641,0.5020576131687242,0.7428571428571431,1.1666666666666659,15.624999999999986,0.4716981132075472,0.08163265306122436,0.2285714285714286,0.23684210526315785,1.7777270000856873,0.490909090909091,1.0,-1.0,0,1,0,0,0,1,0,0,0,0,1,1,0,0,0,1,0,0
65,2025-03-07,-1,93,0.03763440860215054,0,110.0,0.9173474291206152,0.9763888888888888,58.7,3750,1,183,0.46774193548387094,3.58,3.64,21.5,123.0,4350.0,22,25,28248.0,10.681818181818182,2,1,0,0.2,0.14659685863874344,0.806896551724138,0.8097560975609759,0.8547008547008543,0.9000000000000004,0.8774243599689682,0.5020576131687242,0.7428571428571431,1.1666666666666659,15.624999999999986,0.4716981132075472,0.08163265306122436,0.2285714285714286,0.23684210526315785,2.0857444803061895,0.490909090909091,1.0,-1.0,0,1,0,0,0,0,1,0,0,0,1,1,0,0,0,1,0,0
66,2025-08-03,0,93,0.03763440860215054,1,106.7,0.9010091302258528,0.9763888888888888,54.9,3495,1,183,0.10215053763440861,3.58,3.64,21.5,123.0,4350.0,22,25,28176.0,10.681818181818182,2,1,0,0.4,0.14659685863874344,0.693103448275862,0.7544715447154466,0.8547008547008543,0.5545454545454547,0.7785104732350658,0.5020576131687242,0.7428571428571431,1.1666666666666659,15.624999999999986,0.4716981132075472,0.08163265306122436,0.2285714285714286,0.23684210526315785,2.077518494187541,0.490909090909091,1.0,-1.0,0,1,0,1,0,0,0,0,0,0,1,1,0,0,0,1,0,0
67,2025-03-09,-1,93,0.03763440860215054,0,115.6,0.9735703988467084,0.9958333333333332,56.3,3770,1,183,0.10215053763440861,3.58,3.64,21.5,123.0,4350.0,22,25,31600.0,10.681818181818182,2,1,0,0.2,0.14659685863874344,0.9999999999999996,1.0,0.9743589743589736,0.6818181818181817,0.8851823118696664,0.5020576131687242,0.7428571428571431,1.1666666666666659,15.624999999999986,0.4716981132075472,0.08163265306122436,0.2285714285714286,0.23684210526315785,2.468709834052155,0.490909090909091,1.0,-1.0,0,1,0,0,0,1,0,0,0,0,1,1,0,0,0,1,0,0
68,2025-10-03,-1,122,0.03763440860215054,0,115.6,0.9735703988467084,0.9958333333333332,56.5,3740,0,234,0.46774193548387094,3.46,3.1,8.3,155.0,4750.0,16,18,34184.0,14.6875,2,0,1,0.2,0.29842931937172773,0.9999999999999996,1.0,0.9743589743589736,0.7000000000000002,0.8735453840186191,0.7119341563786008,0.6571428571428573,-0.6333333333333326,-0.8749999999999983,0.6729559748427673,0.24489795918367352,0.05714285714285716,0.05263157894736842,2.7639313358658706,0.8250000000000002,0.0,0.0,1,0,0,0,0,1,0,0,0,0,1,1,0,0,0,0,0,1
69,2025-03-11,3,142,0.03763440860215054,1,96.6,0.8664103796251803,0.9791666666666666,50.8,3685,0,234,0.46774193548387094,3.46,3.1,8.3,155.0,4750.0,16,18,35056.0,14.6875,2,0,1,1.0,0.4031413612565445,0.34482758620689635,0.6373983739837401,0.8717948717948714,0.18181818181818166,0.8522110162916989,0.7119341563786008,0.6571428571428573,-0.6333333333333326,-0.8749999999999983,0.6729559748427673,0.24489795918367352,0.05714285714285716,0.05263157894736842,2.8635571677472793,0.8250000000000002,0.0,0.0,1,0,1,0,0,0,0,0,0,0,1,1,0,0,0,0,0,1
71,2025-03-13,1,122,0.03763440860215054,1,112.0,0.957232099951946,1.0,55.4,3715,0,304,0.46774193548387094,3.8,3.35,8.0,184.0,4500.0,14,16,45400.0,16.785714285714285,0,0,1,0.6000000000000001,0.29842931937172773,0.875862068965517,0.9447154471544712,1.0,0.5999999999999996,0.8638479441427462,1.0,0.9000000000000001,0.2,-1.249999999999999,0.8553459119496855,0.1428571428571428,0.0,0.0,4.04535717345977,1.0,0.0,0.0,1,0,0,1,0,0,0,0,0,0,1,1,0,0,0,0,0,1
72,2025-03-14,1,122,0.005376344086021506,1,102.7,0.8572801537722249,0.9444444444444444,54.8,2910,2,140,0.46774193548387094,3.78,3.12,8.0,175.0,5000.0,19,24,16503.0,12.36842105263158,0,0,1,0.6000000000000001,0.29842931937172773,0.5551724137931036,0.6065040650406504,0.6581196581196584,0.545454545454545,0.5515903801396431,0.32510288065843623,0.8857142857142855,-0.5666666666666659,-1.249999999999999,0.7987421383647798,0.346938775510204,0.14285714285714285,0.21052631578947367,0.7438804947016652,0.6315789473684212,0.0,0.0,0,1,0,0,1,0,0,0,0,0,1,1,0,0,0,1,0,0
73,2025-03-15,2,161,0.05913978494623656,1,93.7,0.7558865929841423,0.8944444444444445,50.8,1918,2,92,0.3225806451612903,2.97,3.23,9.4,68.0,5500.0,37,41,5389.0,6.351351351351353,1,0,1,0.8,0.5026178010471205,0.2448275862068967,0.2634146341463417,0.35042735042735096,0.18181818181818166,0.16679596586501166,0.12757201646090538,0.30714285714285716,-0.2,0.5,0.12578616352201255,0.5510204081632655,0.6571428571428573,0.6578947368421053,-0.5258918625574819,0.1297297297297299,0.0,0.0,1,0,0,0,1,0,0,0,0,1,0,1,0,0,0,1,0,0
74,2025-03-16,2,161,0.05913978494623656,1,93.7,0.7558865929841423,0.8944444444444445,50.8,1944,2,92,0.3225806451612903,2.97,3.23,9.4,68.0,5500.0,31,38,6189.0,7.580645161290323,1,0,1,0.8,0.5026178010471205,0.2448275862068967,0.2634146341463417,0.35042735042735096,0.18181818181818166,0.17688130333591934,0.12757201646090538,0.30714285714285716,-0.2,0.5,0.12578616352201255,0.5510204081632655,0.4857142857142857,0.5789473684210527,-0.43449201679472166,0.23225806451612913,0.0,0.0,1,0,0,0,1,0,0,0,0,1,0,1,0,0,0,1,0,0
75,2025-03-17,2,161,0.03763440860215054,1,93.7,0.7558865929841423,0.8944444444444445,50.8,2004,2,92,0.3225806451612903,2.97,3.23,9.4,68.0,5500.0,31,38,6669.0,7.580645161290323,1,0,1,0.8,0.5026178010471205,0.2448275862068967,0.2634146341463417,0.35042735042735096,0.18181818181818166,0.20015515903801395,0.12757201646090538,0.30714285714285716,-0.2,0.5,0.12578616352201255,0.5510204081632655,0.4857142857142857,0.5789473684210527,-0.3796521093370655,0.23225806451612913,0.0,0.0,1,0,0,0,1,0,0,0,0,1,0,1,0,0,0,1,0,0
76,2025-03-18,1,161,0.05913978494623656,1,93.0,0.7558865929841423,0.8861111111111111,50.8,2145,2,98,0.043010752688172046,3.03,3.39,7.6,102.0,5500.0,24,30,7689.0,9.791666666666666,2,0,1,0.6000000000000001,0.5026178010471205,0.2206896551724138,0.2634146341463417,0.29914529914529897,0.18181818181818166,0.25484871993793634,0.15226337448559674,0.34999999999999987,0.3333333333333333,-1.749999999999999,0.339622641509434,0.5510204081632655,0.28571428571428575,0.368421052631579,-0.26311730598954614,0.4166666666666667,0.0,0.0,0,1,0,0,1,0,0,0,0,1,0,1,0,0,0,1,0,0
77,2025-03-19,3,153,0.05913978494623656,1,96.3,0.8313310908217203,0.9083333333333334,49.4,2370,2,110,0.043010752688172046,3.17,3.46,7.5,116.0,5500.0,23,30,9959.0,10.217391304347826,2,0,1,1.0,0.4607329842931937,0.3344827586206893,0.5186991869918698,0.435897435897437,0.054545454545454675,0.34212567882079126,0.20164609053497945,0.44999999999999996,0.5666666666666659,-1.8749999999999984,0.4276729559748428,0.5510204081632655,0.2571428571428572,0.368421052631579,-0.0037702436377138613,0.45217391304347837,0.0,0.0,0,1,0,0,1,0,0,0,0,1,0,1,0,0,0,1,0,0
78,2025-03-20,3,153,0.05913978494623656,1,96.3,0.8313310908217203,0.9083333333333334,49.4,2328,2,122,0.3225806451612903,3.35,3.46,8.5,88.0,5000.0,25,32,8499.0,9.4,1,0,1,1.0,0.4607329842931937,0.3344827586206893,0.5186991869918698,0.435897435897437,0.054545454545454675,0.32583397982932505,0.25102880658436216,0.5785714285714285,0.5666666666666659,-0.6249999999999994,0.2515723270440251,0.346938775510204,0.31428571428571433,0.42105263157894735,-0.17057496215475138,0.38400000000000006,0.0,0.0,1,0,0,0,1,0,0,0,0,1,0,1,0,0,0,1,0,0
79,2025-03-21,3,122,0.05913978494623656,1,95.9,0.8322921672272945,0.9208333333333332,50.2,2833,2,156,0.043010752688172046,3.58,3.86,7.0,145.0,5000.0,19,24,12629.0,12.36842105263158,2,0,1,1.0,0.29842931937172773,0.3206896551724139,0.5219512195121947,0.5128205128205119,0.12727272727272787,0.5217222653219551,0.3909465020576132,0.7428571428571431,1.8999999999999977,-2.499999999999998,0.610062893081761,0.346938775510204,0.14285714285714285,0.21052631578947367,0.30127674159549855,0.6315789473684212,0.0,0.0,0,1,0,0,1,0,0,0,0,1,0,1,0,0,0,1,0,0
81,2025-03-23,3,122,0.05913978494623656,1,95.9,0.8322921672272945,0.9208333333333332,50.2,2926,2,156,0.043010752688172046,3.59,3.86,7.0,145.0,5000.0,19,24,14489.0,12.36842105263158,2,0,1,1.0,0.29842931937172773,0.3206896551724139,0.5219512195121947,0.5128205128205119,0.12727272727272787,0.5577967416602017,0.3909465020576132,0.7499999999999998,1.8999999999999977,-2.499999999999998,0.610062893081761,0.346938775510204,0.14285714285714285,0.21052631578947367,0.5137813829939162,0.6315789473684212,0.0,0.0,0,1,0,0,1,0,0,0,0,1,0,1,0,0,0,1,0,0
82,2025-03-24,1,125,0.05913978494623656,0,96.3,0.8284478616049976,0.9083333333333334,51.6,2365,2,122,0.3225806451612903,3.35,3.46,8.5,88.0,5000.0,25,32,6989.0,9.4,1,0,1,0.6000000000000001,0.3141361256544503,0.3344827586206893,0.5089430894308946,0.435897435897437,0.25454545454545485,0.34018619084561674,0.25102880658436216,0.5785714285714285,0.5666666666666659,-0.6249999999999994,0.2515723270440251,0.346938775510204,0.31428571428571433,0.42105263157894735,-0.3430921710319614,0.38400000000000006,0.0,0.0,1,0,0,0,0,1,0,0,0,1,0,1,0,0,0,1,0,0
83,2025-03-25,1,125,0.05913978494623656,0,96.3,0.8284478616049976,0.9083333333333334,51.6,2405,2,122,0.3225806451612903,3.35,3.46,8.5,88.0,5000.0,25,32,8189.0,9.4,1,0,1,0.6000000000000001,0.3141361256544503,0.3344827586206893,0.5089430894308946,0.435897435897437,0.25454545454545485,0.3557020946470132,0.25102880658436216,0.5785714285714285,0.5666666666666659,-0.6249999999999994,0.2515723270440251,0.346938775510204,0.31428571428571433,0.42105263157894735,-0.20599240238782096,0.38400000000000006,0.0,0.0,1,0,0,0,0,1,0,0,0,1,0,1,0,0,0,1,0,0
84,2025-03-26,1,125,0.05913978494623656,0,96.3,0.8284478616049976,0.9083333333333334,51.6,2403,2,110,0.043010752688172046,3.17,3.46,7.5,116.0,5500.0,23,30,9279.0,10.217391304347826,2,0,1,0.6000000000000001,0.3141361256544503,0.3344827586206893,0.5089430894308946,0.435897435897437,0.25454545454545485,0.3549262994569433,0.20164609053497945,0.44999999999999996,0.5666666666666659,-1.8749999999999984,0.4276729559748428,0.5510204081632655,0.2571428571428572,0.368421052631579,-0.0814601125360601,0.45217391304347837,0.0,0.0,0,1,0,0,0,1,0,0,0,1,0,1,0,0,0,1,0,0
85,2025-03-27,-1,137,0.05913978494623656,0,96.3,0.8284478616049976,0.9083333333333334,51.6,2403,2,110,0.043010752688172046,3.17,3.46,7.5,116.0,5500.0,23,30,9279.0,10.217391304347826,2,0,1,0.2,0.3769633507853403,0.3344827586206893,0.5089430894308946,0.435897435897437,0.25454545454545485,0.3549262994569433,0.20164609053497945,0.44999999999999996,0.5666666666666659,-1.8749999999999984,0.4276729559748428,0.5510204081632655,0.2571428571428572,0.368421052631579,-0.0814601125360601,0.45217391304347837,0.0,0.0,1,0,0,0,0,1,0,0,0,1,0,1,0,0,0,1,0,0
86,2025-03-28,1,128,0.0913978494623656,1,94.5,0.794329649207112,0.8861111111111111,54.5,1889,2,97,0.3225806451612903,3.15,3.29,9.4,69.0,5200.0,31,37,5499.0,7.580645161290323,1,0,1,0.6000000000000001,0.3298429319371728,0.27241379310344804,0.3934959349593501,0.29914529914529897,0.5181818181818185,0.15554693560899924,0.14814814814814814,0.4357142857142857,0.0,0.5,0.13207547169811318,0.4285714285714286,0.4857142857142857,0.5526315789473684,-0.5133243837651024,0.23225806451612913,0.0,0.0,1,0,0,0,0,1,0,0,0,1,0,1,0,0,0,1,0,0
87,2025-03-29,1,128,0.0913978494623656,1,94.5,0.794329649207112,0.8861111111111111,54.5,2017,2,103,0.10215053763440861,2.99,3.47,21.9,55.0,4800.0,45,50,7099.0,5.222222222222221,1,1,0,0.6000000000000001,0.3298429319371728,0.27241379310344804,0.3934959349593501,0.29914529914529897,0.5181818181818185,0.20519782777346784,0.1728395061728395,0.32142857142857184,0.6,16.124999999999982,0.04402515723270439,0.26530612244897966,0.8857142857142857,0.894736842105263,-0.33052469223958186,0.03555555555555556,1.0,-1.0,1,0,0,0,0,1,0,0,0,1,0,1,0,0,0,1,0,0
88,2025-03-30,1,128,0.0913978494623656,1,94.5,0.794329649207112,0.8861111111111111,54.5,1918,2,97,0.3225806451612903,3.15,3.29,9.4,69.0,5200.0,31,37,6649.0,7.580645161290323,1,0,1,0.6000000000000001,0.3298429319371728,0.27241379310344804,0.3934959349593501,0.29914529914529897,0.5181818181818185,0.16679596586501166,0.14814814814814814,0.4357142857142857,0.0,0.5,0.13207547169811318,0.4285714285714286,0.4857142857142857,0.5526315789473684,-0.3819371054811345,0.23225806451612913,0.0,0.0,1,0,0,0,0,1,0,0,0,1,0,1,0,0,0,1,0,0
89,2025-03-31,1,122,0.0913978494623656,0,94.5,0.794329649207112,0.8861111111111111,54.5,1938,2,97,0.3225806451612903,3.15,3.29,9.4,69.0,5200.0,31,37,6849.0,7.580645161290323,1,0,1,0.6000000000000001,0.29842931937172773,0.27241379310344804,0.3934959349593501,0.29914529914529897,0.5181818181818185,0.17455391776570983,0.14814814814814814,0.4357142857142857,0.0,0.5,0.13207547169811318,0.4285714285714286,0.4857142857142857,0.5526315789473684,-0.35908714404044445,0.23225806451612913,0.0,0.0,1,0,0,0,0,1,0,0,0,1,0,1,0,0,0,1,0,0
90,2025-01-04,1,103,0.0913978494623656,0,94.5,0.8178760211436809,0.8861111111111111,53.5,2024,2,97,0.3225806451612903,3.15,3.29,9.4,69.0,5200.0,31,37,7349.0,7.580645161290323,1,0,1,0.6000000000000001,0.19895287958115188,0.27241379310344804,0.47317073170731705,0.29914529914529897,0.4272727272727277,0.20791311093871212,0.14814814814814814,0.4357142857142857,0.0,0.5,0.13207547169811318,0.4285714285714286,0.4857142857142857,0.5526315789473684,-0.3019622404387193,0.23225806451612913,0.0,0.0,1,0,0,0,1,0,0,0,0,1,0,1,0,0,0,1,0,0
91,2025-04-02,1,128,0.0913978494623656,1,94.5,0.794329649207112,0.8861111111111111,54.5,1951,2,97,0.3225806451612903,3.15,3.29,9.4,69.0,5200.0,31,37,7299.0,7.580645161290323,1,0,1,0.6000000000000001,0.3298429319371728,0.27241379310344804,0.3934959349593501,0.29914529914529897,0.5181818181818185,0.17959658650116372,0.14814814814814814,0.4357142857142857,0.0,0.5,0.13207547169811318,0.4285714285714286,0.4857142857142857,0.5526315789473684,-0.3076747307988918,0.23225806451612913,0.0,0.0,1,0,0,0,0,1,0,0,0,1,0,1,0,0,0,1,0,0
92,2025-03-04,1,128,0.0913978494623656,1,94.5,0.7957712638154734,0.8861111111111111,53.3,2028,2,97,0.3225806451612903,3.15,3.29,9.4,69.0,5200.0,31,37,7799.0,7.580645161290323,1,0,1,0.6000000000000001,0.3298429319371728,0.27241379310344804,0.39837398373983746,0.29914529914529897,0.40909090909090917,0.20946470131885186,0.14814814814814814,0.4357142857142857,0.0,0.5,0.13207547169811318,0.4285714285714286,0.4857142857142857,0.5526315789473684,-0.2505498271971666,0.23225806451612913,0.0,0.0,1,0,0,0,1,0,0,0,0,1,0,1,0,0,0,1,0,0
93,2025-04-04,1,122,0.0913978494623656,0,94.5,0.794329649207112,0.8861111111111111,54.5,1971,2,97,0.3225806451612903,3.15,3.29,9.4,69.0,5200.0,31,37,7499.0,7.580645161290323,1,0,1,0.6000000000000001,0.29842931937172773,0.27241379310344804,0.3934959349593501,0.29914529914529897,0.5181818181818185,0.1873545384018619,0.14814814814814814,0.4357142857142857,0.0,0.5,0.13207547169811318,0.4285714285714286,0.4857142857142857,0.5526315789473684,-0.2848247693582017,0.23225806451612913,0.0,0.0,1,0,0,0,0,1,0,0,0,1,0,1,0,0,0,1,0,0
94,2025-05-04,1,103,0.0913978494623656,0,94.5,0.8178760211436809,0.8861111111111111,53.5,2037,2,97,0.3225806451612903,3.15,3.29,9.4,69.0,5200.0,31,37,7999.0,7.580645161290323,1,0,1,0.6000000000000001,0.19895287958115188,0.27241379310344804,0.47317073170731705,0.29914529914529897,0.4272727272727277,0.212955779674166,0.14814814814814814,0.4357142857142857,0.0,0.5,0.13207547169811318,0.4285714285714286,0.4857142857142857,0.5526315789473684,-0.22769986575647655,0.23225806451612913,0.0,0.0,1,0,0,0,0,0,1,0,0,1,0,1,0,0,0,1,0,0
95,2025-04-06,2,168,0.0913978494623656,1,95.1,0.7803940413262855,0.8861111111111111,53.3,2008,2,97,0.3225806451612903,3.15,3.29,9.4,69.0,5200.0,31,37,8249.0,7.580645161290323,1,0,1,0.8,0.5392670157068062,0.29310344827586166,0.34634146341463445,0.29914529914529897,0.40909090909090917,0.20170674941815359,0.14814814814814814,0.4357142857142857,0.0,0.5,0.13207547169811318,0.4285714285714286,0.4857142857142857,0.5526315789473684,-0.19913741395561396,0.23225806451612913,0.0,0.0,1,0,0,1,0,0,0,0,0,1,0,1,0,0,0,1,0,0
96,2025-07-04,0,106,0.0913978494623656,0,97.2,0.8332532436328689,0.9055555555555556,54.7,2324,2,120,0.3225806451612903,3.33,3.47,8.5,97.0,5200.0,27,34,8949.0,8.703703703703704,1,0,1,0.4,0.21465968586387435,0.3655172413793104,0.5252032520325205,0.4188034188034191,0.536363636363637,0.3242823894491854,0.24279835390946503,0.5642857142857143,0.6,-0.6249999999999994,0.30817610062893086,0.4285714285714286,0.3714285714285714,0.4736842105263157,-0.1191625489131987,0.325925925925926,0.0,0.0,1,0,0,0,1,0,0,0,0,1,0,1,0,0,0,1,0,0
97,2025-04-08,0,106,0.0913978494623656,0,97.2,0.8332532436328689,0.9055555555555556,54.7,2302,2,120,0.3225806451612903,3.33,3.47,8.5,97.0,5200.0,27,34,9549.0,8.703703703703704,1,0,1,0.4,0.21465968586387435,0.3655172413793104,0.5252032520325205,0.4188034188034191,0.536363636363637,0.3157486423584174,0.24279835390946503,0.5642857142857143,0.6,-0.6249999999999994,0.30817610062893086,0.4285714285714286,0.3714285714285714,0.4736842105263157,-0.0506126645911285,0.325925925925926,0.0,0.0,1,0,0,0,0,1,0,0,0,1,0,1,0,0,0,1,0,0
98,2025-09-04,0,128,0.0913978494623656,0,100.4,0.8731379144641999,0.9236111111111112,55.1,3095,3,181,0.46774193548387094,3.43,3.27,9.0,152.0,5200.0,17,22,13499.0,13.823529411764708,2,0,1,0.4,0.3298429319371728,0.4758620689655175,0.6601626016260163,0.5299145299145307,0.5727272727272732,0.6233514352211016,0.4938271604938272,0.6357142857142859,-0.06666666666666667,0.0,0.6540880503144654,0.4285714285714286,0.08571428571428574,0.1578947368421053,0.40067407386250037,0.7529411764705887,0.0,0.0,1,0,0,0,0,1,0,0,0,1,0,1,0,0,0,0,0,1
99,2025-04-10,0,108,0.0913978494623656,0,100.4,0.8870735223450265,0.9236111111111112,56.1,3296,3,181,0.46774193548387094,3.43,3.27,9.0,152.0,5200.0,17,22,14399.0,13.823529411764708,2,0,1,0.4,0.22513089005235604,0.4758620689655175,0.7073170731707319,0.5299145299145307,0.663636363636364,0.7013188518231186,0.4938271604938272,0.6357142857142859,-0.06666666666666667,0.0,0.6540880503144654,0.4285714285714286,0.08571428571428574,0.1578947368421053,0.5034989003456056,0.7529411764705887,0.0,0.0,1,0,0,0,0,0,1,0,0,1,0,1,0,0,0,0,0,1
101,2025-04-12,3,194,0.0913978494623656,1,91.3,0.8202787121576165,0.9430555555555556,49.7,3071,3,181,0.46774193548387094,3.43,3.27,9.0,160.0,5200.0,19,25,17199.0,12.36842105263158,0,0,1,1.0,0.675392670157068,0.16206896551724137,0.4813008130081302,0.6495726495726499,0.08181818181818201,0.6140418929402638,0.4938271604938272,0.6357142857142859,-0.06666666666666667,0.0,0.7044025157232704,0.4285714285714286,0.14285714285714285,0.23684210526315785,0.8233983605152666,0.6315789473684212,0.0,0.0,1,0,0,0,1,0,0,0,0,0,1,1,0,0,0,0,0,1
102,2025-04-13,3,194,0.0913978494623656,1,91.3,0.8202787121576165,0.9430555555555556,49.7,3139,3,181,0.46774193548387094,3.43,3.27,7.8,200.0,5200.0,17,23,19699.0,13.823529411764708,0,0,1,1.0,0.675392670157068,0.16206896551724137,0.4813008130081302,0.6495726495726499,0.08181818181818201,0.6404189294026377,0.4938271604938272,0.6357142857142859,-0.06666666666666667,-1.499999999999999,0.9559748427672957,0.4285714285714286,0.08571428571428574,0.1842105263157895,1.1090228785238925,0.7529411764705887,0.0,0.0,0,1,0,0,1,0,0,0,0,0,1,1,0,0,0,0,0,1
103,2025-04-14,1,231,0.0913978494623656,1,99.2,0.8577606919750121,0.9430555555555556,49.7,3139,3,181,0.46774193548387094,3.43,3.27,9.0,160.0,5200.0,19,25,18399.0,12.36842105263158,0,0,1,0.6000000000000001,0.869109947643979,0.43448275862068986,0.6081300813008137,0.6495726495726499,0.08181818181818201,0.6404189294026377,0.4938271604938272,0.6357142857142859,-0.06666666666666667,0.0,0.7044025157232704,0.4285714285714286,0.14285714285714285,0.23684210526315785,0.960498129159407,0.6315789473684212,0.0,0.0,1,0,0,0,1,0,0,0,0,0,1,1,0,0,0,0,0,1
104,2025-04-15,0,161,0.053763440860215055,0,107.9,0.897164824603556,0.95,56.7,3020,2,120,0.46774193548387094,3.46,3.19,8.4,97.0,5000.0,19,24,11900.0,12.36842105263158,1,0,1,0.4,0.5026178010471205,0.7344827586206897,0.7414634146341461,0.6923076923076925,0.7181818181818187,0.5942591155934833,0.24279835390946503,0.6571428571428573,-0.3333333333333333,-0.7499999999999989,0.30817610062893086,0.346938775510204,0.14285714285714285,0.21052631578947367,0.21798863214418326,0.6315789473684212,0.0,0.0,1,0,0,0,0,1,0,0,0,0,1,1,0,0,1,0,0,0
105,2025-04-16,0,161,0.053763440860215055,0,107.9,0.897164824603556,0.95,56.7,3197,2,152,0.10215053763440861,3.7,3.52,21.0,95.0,4150.0,28,33,13200.0,8.392857142857142,1,1,0,0.4,0.5026178010471205,0.7344827586206897,0.7414634146341461,0.6923076923076925,0.7181818181818187,0.6629169899146625,0.37448559670781895,0.828571428571429,0.7666666666666659,14.999999999999988,0.2955974842767295,0.0,0.39999999999999997,0.4473684210526315,0.3665133815086687,0.3,1.0,-1.0,0,1,0,0,0,1,0,0,0,0,1,1,0,0,1,0,0,0
106,2025-04-17,0,122,0.053763440860215055,0,114.2,0.9557904853435848,0.95,58.7,3230,2,120,0.46774193548387094,3.46,3.19,8.4,97.0,5000.0,19,24,12440.0,12.36842105263158,1,0,1,0.4,0.29842931937172773,0.9517241379310346,0.9398373983739838,0.6923076923076925,0.9000000000000004,0.6757176105508145,0.24279835390946503,0.6571428571428573,-0.3333333333333333,-0.7499999999999989,0.30817610062893086,0.346938775510204,0.14285714285714285,0.21052631578947367,0.27968352803404645,0.6315789473684212,0.0,0.0,1,0,0,0,0,0,1,0,0,0,1,1,0,0,1,0,0,0
107,2025-04-18,0,122,0.053763440860215055,0,114.2,0.9557904853435848,0.95,58.7,3430,2,152,0.10215053763440861,3.7,3.52,21.0,95.0,4150.0,25,25,13860.0,9.4,1,1,0,0.4,0.29842931937172773,0.9517241379310346,0.9398373983739838,0.6923076923076925,0.9000000000000004,0.7532971295577968,0.37448559670781895,0.828571428571429,0.7666666666666659,14.999999999999988,0.2955974842767295,0.0,0.31428571428571433,0.23684210526315785,0.44191825426294595,0.38400000000000006,1.0,-1.0,0,1,0,0,0,0,1,0,0,0,1,1,0,0,1,0,0,0
108,2025-04-19,0,161,0.053763440860215055,0,107.9,0.897164824603556,0.95,56.7,3075,2,120,0.46774193548387094,3.46,2.19,8.4,95.0,5000.0,19,24,15580.0,12.36842105263158,1,0,1,0.4,0.5026178010471205,0.7344827586206897,0.7414634146341461,0.6923076923076925,0.7181818181818187,0.6155934833204033,0.24279835390946503,0.6571428571428573,-3.666666666666664,-0.7499999999999989,0.2955974842767295,0.346938775510204,0.14285714285714285,0.21052631578947367,0.6384279226528805,0.6315789473684212,0.0,0.0,1,0,0,0,0,1,0,0,0,0,1,1,0,0,1,0,0,0
109,2025-04-20,0,161,0.053763440860215055,0,107.9,0.897164824603556,0.95,56.7,3252,2,152,0.10215053763440861,3.7,3.52,21.0,95.0,4150.0,28,33,16900.0,8.392857142857142,1,1,0,0.4,0.5026178010471205,0.7344827586206897,0.7414634146341461,0.6923076923076925,0.7181818181818187,0.6842513576415825,0.37448559670781895,0.828571428571429,0.7666666666666659,14.999999999999988,0.2955974842767295,0.0,0.39999999999999997,0.4473684210526315,0.7892376681614349,0.3,1.0,-1.0,0,1,0,0,0,1,0,0,0,0,1,1,0,0,1,0,0,0
110,2025-04-21,0,122,0.1774193548387097,0,114.2,0.9557904853435848,0.95,56.7,3285,2,120,0.46774193548387094,3.46,2.19,8.4,95.0,5000.0,19,24,16695.0,12.36842105263158,1,0,1,0.4,0.29842931937172773,0.9517241379310346,0.9398373983739838,0.6923076923076925,0.7181818181818187,0.6970519782777347,0.24279835390946503,0.6571428571428573,-3.666666666666664,-0.7499999999999989,0.2955974842767295,0.346938775510204,0.14285714285714285,0.21052631578947367,0.7658164576847276,0.6315789473684212,0.0,0.0,1,0,0,0,0,0,1,0,0,0,1,1,0,0,1,0,0,0
111,2025-04-22,0,122,0.053763440860215055,0,114.2,0.9557904853435848,0.95,58.7,3485,2,152,0.10215053763440861,3.7,3.52,21.0,95.0,4150.0,25,25,17075.0,9.4,1,1,0,0.4,0.29842931937172773,0.9517241379310346,0.9398373983739838,0.6923076923076925,0.9000000000000004,0.7746314972847168,0.37448559670781895,0.828571428571429,0.7666666666666659,14.999999999999988,0.2955974842767295,0.0,0.31428571428571433,0.23684210526315785,0.8092313844220388,0.38400000000000006,1.0,-1.0,0,1,0,0,0,0,1,0,0,0,1,1,0,0,1,0,0,0
112,2025-04-23,0,161,0.053763440860215055,0,107.9,0.897164824603556,0.95,56.7,3075,2,120,0.46774193548387094,3.46,3.19,8.4,97.0,5000.0,19,24,16630.0,12.36842105263158,1,0,1,0.4,0.5026178010471205,0.7344827586206897,0.7414634146341461,0.6923076923076925,0.7181818181818187,0.6155934833204033,0.24279835390946503,0.6571428571428573,-0.3333333333333333,-0.7499999999999989,0.30817610062893086,0.346938775510204,0.14285714285714285,0.21052631578947367,0.7583902202165034,0.6315789473684212,0.0,0.0,1,0,0,0,0,1,0,0,0,0,1,1,0,0,1,0,0,0
113,2025-04-24,0,161,0.053763440860215055,0,107.9,0.897164824603556,0.95,56.7,3252,2,152,0.10215053763440861,3.7,3.52,21.0,95.0,4150.0,28,33,17950.0,8.392857142857142,1,1,0,0.4,0.5026178010471205,0.7344827586206897,0.7414634146341461,0.6923076923076925,0.7181818181818187,0.6842513576415825,0.37448559670781895,0.828571428571429,0.7666666666666659,14.999999999999988,0.2955974842767295,0.0,0.39999999999999997,0.4473684210526315,0.9091999657250578,0.3,1.0,-1.0,0,1,0,0,0,1,0,0,0,0,1,1,0,0,1,0,0,0
114,2025-04-25,0,161,0.053763440860215055,0,108.0,0.897164824603556,0.9486111111111112,56.0,3130,2,134,0.46774193548387094,3.61,3.21,7.0,142.0,5600.0,18,24,18150.0,13.055555555555555,2,0,1,0.4,0.5026178010471205,0.7379310344827585,0.7414634146341461,0.683760683760684,0.6545454545454543,0.6369278510473235,0.3004115226337449,0.7642857142857145,-0.26666666666666666,-2.499999999999998,0.5911949685534591,0.5918367346938773,0.11428571428571427,0.21052631578947367,0.9320499271657479,0.6888888888888891,0.0,0.0,0,1,0,0,0,1,0,0,0,0,1,1,0,0,1,0,0,0
115,2025-04-26,1,119,0.03225806451612903,1,93.7,0.7558865929841423,0.8861111111111111,50.8,1918,2,90,0.3225806451612903,2.97,3.23,9.4,68.0,5500.0,37,41,5572.0,6.351351351351353,1,0,1,0.6000000000000001,0.28272251308900526,0.2448275862068967,0.2634146341463417,0.29914529914529897,0.18181818181818166,0.16679596586501166,0.11934156378600824,0.30714285714285716,-0.2,0.5,0.12578616352201255,0.5510204081632655,0.6571428571428573,0.6578947368421053,-0.5049841478392505,0.1297297297297299,0.0,0.0,1,0,0,0,1,0,0,0,0,1,0,1,0,0,0,1,0,0
116,2025-04-27,1,119,0.03225806451612903,1,93.7,0.7558865929841423,0.8861111111111111,50.8,2128,2,98,0.043010752688172046,3.03,3.39,7.6,102.0,5500.0,24,30,7957.0,9.791666666666666,2,0,1,0.6000000000000001,0.28272251308900526,0.2448275862068967,0.2634146341463417,0.29914529914529897,0.18181818181818166,0.24825446082234293,0.15226337448559674,0.34999999999999987,0.3333333333333333,-1.749999999999999,0.339622641509434,0.5510204081632655,0.28571428571428575,0.368421052631579,-0.23249835765902144,0.4166666666666667,0.0,0.0,0,1,0,0,1,0,0,0,0,1,0,1,0,0,0,1,0,0
117,2025-04-28,1,154,0.03225806451612903,0,93.7,0.7558865929841423,0.8861111111111111,50.6,1967,2,90,0.3225806451612903,2.97,3.23,9.4,68.0,5500.0,31,38,6229.0,7.580645161290323,1,0,1,0.6000000000000001,0.4659685863874346,0.2448275862068967,0.2634146341463417,0.29914529914529897,0.16363636363636402,0.18580294802172226,0.11934156378600824,0.30714285714285716,-0.2,0.5,0.12578616352201255,0.5510204081632655,0.4857142857142857,0.5789473684210527,-0.4299220245065836,0.23225806451612913,0.0,0.0,1,0,0,0,1,0,0,0,0,1,0,1,0,0,0,1,0,0
118,2025-04-29,1,154,0.03225806451612903,0,93.7,0.8039404132628545,0.8861111111111111,50.8,1989,2,90,0.3225806451612903,2.97,3.23,9.4,68.0,5500.0,31,38,6692.0,7.580645161290323,1,0,1,0.6000000000000001,0.4659685863874346,0.2448275862068967,0.42601626016260186,0.29914529914529897,0.18181818181818166,0.1943366951124903,0.11934156378600824,0.30714285714285716,-0.2,0.5,0.12578616352201255,0.5510204081632655,0.4857142857142857,0.5789473684210527,-0.37702436377138615,0.23225806451612913,0.0,0.0,1,0,0,0,0,1,0,0,0,1,0,1,0,0,0,1,0,0
119,2025-04-30,1,154,0.03225806451612903,0,93.7,0.8039404132628545,0.8861111111111111,50.8,2191,2,98,0.3225806451612903,2.97,3.23,9.4,68.0,5500.0,31,38,7609.0,7.580645161290323,1,0,1,0.6000000000000001,0.4659685863874346,0.2448275862068967,0.42601626016260186,0.29914529914529897,0.18181818181818166,0.2726920093095423,0.15226337448559674,0.30714285714285716,-0.2,0.5,0.12578616352201255,0.5510204081632655,0.4857142857142857,0.5789473684210527,-0.27225729056582215,0.23225806451612913,0.0,0.0,1,0,0,0,0,1,0,0,0,1,0,1,0,0,0,1,0,0
121,2025-05-02,3,122,0.03225806451612903,1,95.9,0.8322921672272945,0.9208333333333332,50.2,2818,2,156,0.043010752688172046,3.59,3.86,7.0,145.0,5000.0,19,24,12764.0,12.36842105263158,2,0,1,1.0,0.29842931937172773,0.3206896551724139,0.5219512195121947,0.5128205128205119,0.12727272727272787,0.5159038013964314,0.3909465020576132,0.7499999999999998,1.8999999999999977,-2.499999999999998,0.610062893081761,0.346938775510204,0.14285714285714285,0.21052631578947367,0.31670046556796433,0.6315789473684212,0.0,0.0,0,1,0,0,1,0,0,0,0,0,1,1,0,0,0,1,0,0
122,2025-03-05,3,186,0.021505376344086023,1,94.5,0.8116290245074483,0.9486111111111112,50.2,2778,2,151,0.46774193548387094,3.94,3.11,9.5,143.0,5500.0,19,27,22018.0,12.36842105263158,2,0,1,1.0,0.6335078534031413,0.27241379310344804,0.45203252032520336,0.683760683760684,0.12727272727272787,0.5003878975950349,0.3703703703703704,1.0000000000000002,-0.6,0.6249999999999994,0.5974842767295597,0.5510204081632655,0.14285714285714285,0.2894736842105263,1.373968181428694,0.6315789473684212,0.0,0.0,1,0,0,0,1,0,0,0,0,0,1,1,0,0,0,1,0,0
123,2025-05-04,3,122,0.021505376344086023,1,89.5,0.8116290245074483,0.9027777777777778,51.6,2756,3,194,0.46774193548387094,3.74,2.9,9.5,207.0,5900.0,17,25,32528.0,13.823529411764708,0,0,1,1.0,0.29842931937172773,0.10000000000000009,0.45203252032520336,0.40170940170940206,0.25454545454545485,0.49185415050426684,0.5473251028806585,0.8571428571428574,-1.2999999999999992,0.6249999999999994,1.0,0.7142857142857142,0.08571428571428574,0.23684210526315785,2.574733655136957,0.7529411764705887,0.0,0.0,1,0,0,1,0,0,0,0,0,0,1,0,1,0,0,0,1,0
124,2025-05-05,3,122,0.021505376344086023,1,89.5,0.8116290245074483,0.9027777777777778,51.6,2756,3,194,0.46774193548387094,3.74,2.9,9.5,207.0,5900.0,17,25,34028.0,13.823529411764708,0,0,1,1.0,0.29842931937172773,0.10000000000000009,0.45203252032520336,0.40170940170940206,0.25454545454545485,0.49185415050426684,0.5473251028806585,0.8571428571428574,-1.2999999999999992,0.6249999999999994,1.0,0.7142857142857142,0.08571428571428574,0.23684210526315785,2.7461083659421326,0.7529411764705887,0.0,0.0,1,0,0,1,0,0,0,0,0,0,1,0,1,0,0,0,1,0
125,2025-05-06,3,122,0.021505376344086023,1,89.5,0.8116290245074483,0.9027777777777778,51.6,2800,3,194,0.46774193548387094,3.74,2.9,9.5,207.0,5900.0,17,25,37028.0,13.823529411764708,0,0,1,1.0,0.29842931937172773,0.10000000000000009,0.45203252032520336,0.40170940170940206,0.25454545454545485,0.5089216446858029,0.5473251028806585,0.8571428571428574,-1.2999999999999992,0.6249999999999994,1.0,0.7142857142857142,0.08571428571428574,0.23684210526315785,3.0888577875524836,0.7529411764705887,0.0,0.0,1,0,1,0,0,0,0,0,0,0,1,0,1,0,0,0,1,0
126,2025-07-05,0,122,0.010752688172043012,0,96.1,0.8721768380586257,0.9236111111111112,55.2,2579,2,132,0.46774193548387094,3.46,3.9,8.7,104.256157635468,5125.369458128079,23,31,9295.0,10.217391304347826,2,0,1,0.4,0.29842931937172773,0.3275862068965516,0.6569105691056913,0.5299145299145307,0.581818181818182,0.42319627618308764,0.2921810699588478,0.6571428571428573,2.033333333333331,-0.37500000000000056,0.35381231217275466,0.3981099829094197,0.2571428571428572,0.39473684210526316,-0.07963211562080488,0.45217391304347837,0.0,0.0,1,0,0,0,0,0,1,0,0,1,0,1,0,0,0,1,0,0
127,2025-05-08,2,122,0.010752688172043012,1,96.1,0.8495915425276309,0.925,50.5,2460,2,132,0.46774193548387094,3.46,3.9,8.7,104.256157635468,5125.369458128079,23,31,9895.0,10.217391304347826,2,0,1,0.8,0.29842931937172773,0.3275862068965516,0.5804878048780489,0.5384615384615392,0.15454545454545432,0.3770364623739333,0.2921810699588478,0.6571428571428573,2.033333333333331,-0.37500000000000056,0.35381231217275466,0.3981099829094197,0.2571428571428572,0.39473684210526316,-0.011082231298734684,0.45217391304347837,0.0,0.0,1,0,0,0,1,0,0,0,0,1,0,1,0,0,0,1,0,0
128,2025-09-05,3,150,0.03225806451612903,1,99.1,0.8966842864007688,0.9236111111111112,56.1,2658,2,121,0.46774193548387094,3.54,3.07,9.31,110.0,5250.0,21,28,11850.0,11.190476190476188,2,0,1,1.0,0.44502617801047123,0.43103448275862055,0.7398373983739837,0.5299145299145307,0.663636363636364,0.45384018619084565,0.24691358024691362,0.7142857142857142,-0.7333333333333333,0.3875000000000003,0.389937106918239,0.4489795918367345,0.2,0.3157894736842105,0.21227614178401075,0.5333333333333332,0.0,0.0,1,0,0,0,1,0,0,0,0,1,0,1,0,0,0,1,0,0
129,2025-05-10,2,104,0.03225806451612903,0,99.1,0.8966842864007688,0.9236111111111112,56.1,2695,2,121,0.46774193548387094,3.54,3.07,9.3,110.0,5250.0,21,28,12170.0,11.190476190476188,2,0,1,0.8,0.20418848167539266,0.43103448275862055,0.7398373983739837,0.5299145299145307,0.663636363636364,0.46819239720713735,0.24691358024691362,0.7142857142857142,-0.7333333333333333,0.37500000000000056,0.389937106918239,0.4489795918367345,0.2,0.3157894736842105,0.24883608008911484,0.5333333333333332,0.0,0.0,1,0,0,0,0,1,0,0,0,1,0,1,0,0,0,1,0,0
130,2025-11-05,3,150,0.03225806451612903,1,99.1,0.8966842864007688,0.9236111111111112,56.1,2707,2,121,0.46774193548387094,2.54,2.07,9.3,110.0,5250.0,21,28,15040.0,11.190476190476188,2,0,1,1.0,0.44502617801047123,0.43103448275862055,0.7398373983739837,0.5299145299145307,0.663636363636364,0.47284716834755613,0.24691358024691362,0.0,-4.066666666666664,0.37500000000000056,0.389937106918239,0.4489795918367345,0.2,0.3157894736842105,0.5767330267630173,0.5333333333333332,0.0,0.0,1,0,0,0,1,0,0,0,0,1,0,1,0,0,0,1,0,0
131,2025-05-12,2,104,0.03225806451612903,0,99.1,0.8966842864007688,0.9236111111111112,56.1,2758,2,121,0.46774193548387094,3.54,3.07,9.3,110.0,5250.0,21,28,15510.0,11.190476190476188,2,0,1,0.8,0.20418848167539266,0.43103448275862055,0.7398373983739837,0.5299145299145307,0.663636363636364,0.4926299456943366,0.24691358024691362,0.7142857142857142,-0.7333333333333333,0.37500000000000056,0.389937106918239,0.4489795918367345,0.2,0.3157894736842105,0.630430436148639,0.5333333333333332,0.0,0.0,1,0,0,0,0,1,0,0,0,1,0,1,0,0,0,1,0,0
132,2025-05-13,3,150,0.03225806451612903,1,99.1,0.8966842864007688,0.9236111111111112,56.1,2808,2,121,0.46774193548387094,3.54,3.07,9.0,160.0,5500.0,19,26,18150.0,12.36842105263158,0,0,1,1.0,0.44502617801047123,0.43103448275862055,0.7398373983739837,0.5299145299145307,0.663636363636364,0.5120248254460822,0.24691358024691362,0.7142857142857142,-0.7333333333333333,0.0,0.7044025157232704,0.5510204081632655,0.14285714285714285,0.26315789473684204,0.9320499271657479,0.6315789473684212,0.0,0.0,0,1,0,0,1,0,0,0,0,1,0,1,0,1,0,0,0,0
133,2025-05-14,2,104,0.03225806451612903,0,99.1,0.8966842864007688,0.9236111111111112,56.1,2847,2,121,0.46774193548387094,3.54,3.07,9.0,160.0,5500.0,19,26,18620.0,12.36842105263158,0,0,1,0.8,0.20418848167539266,0.43103448275862055,0.7398373983739837,0.5299145299145307,0.663636363636364,0.5271528316524436,0.24691358024691362,0.7142857142857142,-0.7333333333333333,0.0,0.7044025157232704,0.5510204081632655,0.14285714285714285,0.26315789473684204,0.9857473365513696,0.6315789473684212,0.0,0.0,0,1,0,0,0,1,0,0,0,1,0,1,0,1,0,0,0,0
134,2025-05-15,2,83,0.05913978494623656,1,93.7,0.7539644401729938,0.8805555555555555,53.7,2050,2,97,0.3225806451612903,3.62,2.36,9.0,69.0,4900.0,31,36,5118.0,7.580645161290323,1,0,1,0.8,0.09424083769633507,0.2448275862068967,0.25691056910569143,0.2649572649572649,0.4454545454545453,0.2179984484096199,0.14814814814814814,0.7714285714285716,-3.099999999999998,0.0,0.13207547169811318,0.30612244897959173,0.4857142857142857,0.5263157894736842,-0.556853560309617,0.23225806451612913,0.0,0.0,1,0,0,0,1,0,0,0,0,1,0,1,0,0,0,0,1,0
135,2025-05-16,2,83,0.05913978494623656,1,93.7,0.758769822200865,0.8833333333333333,53.7,2120,2,108,0.3225806451612903,3.62,2.64,8.7,73.0,4400.0,26,31,7053.0,9.038461538461537,1,0,1,0.8,0.09424083769633507,0.2448275862068967,0.2731707317073173,0.28205128205128194,0.4454545454545453,0.24515128006206366,0.1934156378600823,0.7714285714285716,-2.1666666666666643,-0.37500000000000056,0.1572327044025157,0.1020408163265305,0.3428571428571429,0.39473684210526316,-0.33578018337094057,0.35384615384615375,0.0,0.0,1,0,0,0,1,0,0,0,0,1,0,1,0,0,0,0,1,0
136,2025-05-17,2,83,0.05913978494623656,1,93.3,0.7558865929841423,0.8861111111111111,55.7,2240,2,108,0.3225806451612903,3.62,2.64,8.7,73.0,4400.0,26,31,7603.0,9.038461538461537,1,0,1,0.8,0.09424083769633507,0.23103448275862037,0.2634146341463417,0.29914529914529897,0.6272727272727279,0.2916989914662529,0.1934156378600823,0.7714285714285716,-2.1666666666666643,-0.37500000000000056,0.1572327044025157,0.1020408163265305,0.3428571428571429,0.39473684210526316,-0.2729427894090429,0.35384615384615375,0.0,0.0,1,0,0,0,1,0,0,1,0,0,0,1,0,0,0,0,1,0
137,2025-05-18,0,102,0.05913978494623656,0,97.2,0.8265257087938491,0.9083333333333334,52.5,2145,2,108,0.3225806451612903,3.62,2.64,9.5,82.0,4800.0,32,37,7126.0,7.34375,1,0,1,0.4,0.19371727748691098,0.3655172413793104,0.5024390243902439,0.435897435897437,0.336363636363636,0.25484871993793634,0.1934156378600823,0.7714285714285716,-2.1666666666666643,0.6249999999999994,0.21383647798742134,0.26530612244897966,0.5142857142857142,0.5526315789473684,-0.3274399474450887,0.21250000000000008,0.0,0.0,1,0,0,0,0,1,0,0,0,1,0,1,0,0,0,0,1,0
138,2025-05-19,0,102,0.05913978494623656,0,97.2,0.8265257087938491,0.9083333333333334,52.5,2190,2,108,0.3225806451612903,3.62,2.64,9.5,82.0,4400.0,28,33,7775.0,8.392857142857142,1,0,1,0.4,0.19371727748691098,0.3655172413793104,0.5024390243902439,0.435897435897437,0.336363636363636,0.2723041117145074,0.1934156378600823,0.7714285714285716,-2.1666666666666643,0.6249999999999994,0.21383647798742134,0.1020408163265305,0.39999999999999997,0.4473684210526315,-0.2532918225700494,0.3,0.0,0.0,1,0,0,0,0,1,0,0,0,1,0,1,0,0,0,0,1,0
139,2025-05-20,0,102,0.05913978494623656,0,97.2,0.8265257087938491,0.9083333333333334,52.5,2340,2,108,0.46774193548387094,3.62,2.64,9.0,94.0,5200.0,26,32,9960.0,9.038461538461537,1,0,1,0.4,0.19371727748691098,0.3655172413793104,0.5024390243902439,0.435897435897437,0.336363636363636,0.33048875096974395,0.1934156378600823,0.7714285714285716,-2.1666666666666643,0.0,0.28930817610062887,0.4285714285714286,0.3428571428571429,0.42105263157894735,-0.003655993830510411,0.35384615384615375,0.0,0.0,1,0,0,0,0,1,0,0,0,1,0,1,0,0,0,0,1,0
141,2025-05-22,0,102,0.05913978494623656,0,97.0,0.8265257087938491,0.9083333333333334,54.3,2510,2,108,0.46774193548387094,3.62,2.64,7.7,111.0,4800.0,24,29,11259.0,9.791666666666666,2,0,1,0.4,0.19371727748691098,0.35862068965517224,0.5024390243902439,0.435897435897437,0.5,0.39643134212567877,0.1934156378600823,0.7714285714285716,-2.1666666666666643,-1.6249999999999984,0.39622641509433965,0.26530612244897966,0.28571428571428575,0.3421052631578947,0.1447545057267716,0.4166666666666667,0.0,0.0,0,1,0,0,0,1,0,1,0,0,0,1,0,0,0,0,1,0
142,2025-05-23,0,89,0.05913978494623656,0,97.0,0.8337337818356559,0.9083333333333334,53.0,2290,2,108,0.3225806451612903,3.62,2.64,9.0,82.0,4800.0,28,32,7463.0,8.392857142857142,1,0,1,0.4,0.12565445026178013,0.35862068965517224,0.526829268292683,0.435897435897437,0.38181818181818183,0.3110938712179985,0.1934156378600823,0.7714285714285716,-2.1666666666666643,0.0,0.21383647798742134,0.26530612244897966,0.39999999999999997,0.42105263157894735,-0.28893776241752595,0.3,0.0,0.0,1,0,0,0,0,0,1,0,0,1,0,1,0,0,0,0,1,0
143,2025-05-24,0,89,0.05913978494623656,0,97.0,0.8337337818356559,0.9083333333333334,53.0,2455,2,108,0.46774193548387094,3.62,2.64,9.0,94.0,5200.0,25,31,10198.0,9.4,1,0,1,0.4,0.12565445026178013,0.35862068965517224,0.526829268292683,0.435897435897437,0.38181818181818183,0.37509697439875866,0.1934156378600823,0.7714285714285716,-2.1666666666666643,0.0,0.28930817610062887,0.4285714285714286,0.31428571428571433,0.39473684210526316,0.02353546028391077,0.38400000000000006,0.0,0.0,1,0,0,0,0,0,1,0,0,1,0,1,0,0,0,0,1,0
144,2025-05-25,0,85,0.05913978494623656,0,96.9,0.8342143200384431,0.9083333333333334,54.9,2420,2,108,0.3225806451612903,3.62,2.64,9.0,82.0,4800.0,23,29,8013.0,10.217391304347826,1,0,1,0.4,0.10471204188481675,0.3551724137931038,0.5284552845528458,0.435897435897437,0.5545454545454547,0.36152055857253684,0.1934156378600823,0.7714285714285716,-2.1666666666666643,0.0,0.21383647798742134,0.26530612244897966,0.2571428571428572,0.3421052631578947,-0.22610036845562823,0.45217391304347837,0.0,0.0,1,0,0,0,0,0,1,1,0,0,0,1,0,0,0,0,1,0
145,2025-05-26,0,85,0.05913978494623656,0,96.9,0.8342143200384431,0.9083333333333334,54.9,2650,2,108,0.46774193548387094,3.62,2.64,7.7,111.0,4800.0,23,23,11694.0,10.217391304347826,2,0,1,0.4,0.10471204188481675,0.3551724137931038,0.5284552845528458,0.435897435897437,0.5545454545454547,0.4507370054305664,0.1934156378600823,0.7714285714285716,-2.1666666666666643,-1.6249999999999984,0.39622641509433965,0.26530612244897966,0.2571428571428572,0.1842105263157895,0.19445317186027247,0.45217391304347837,0.0,0.0,0,1,0,0,0,0,1,1,0,0,0,1,0,0,0,0,1,0
146,2025-05-27,1,87,0.1774193548387097,1,95.7,0.762614127823162,0.8833333333333333,54.5,1985,2,92,0.3225806451612903,3.05,3.03,9.0,62.0,4800.0,35,39,5348.0,6.7142857142857135,1,0,1,0.6000000000000001,0.11518324607329844,0.31379310344827616,0.2861788617886183,0.28205128205128194,0.5181818181818185,0.19278510473235067,0.12757201646090538,0.3642857142857141,-0.8666666666666667,0.0,0.08805031446540879,0.26530612244897966,0.6000000000000001,0.6052631578947367,-0.5305761046528233,0.15999999999999998,0.0,0.0,1,0,0,0,1,0,0,0,0,1,0,1,0,0,0,1,0,0
147,2025-05-28,1,87,0.1774193548387097,1,95.7,0.762614127823162,0.8833333333333333,54.5,2040,2,92,0.3225806451612903,3.05,3.03,9.0,62.0,4800.0,31,38,6338.0,7.580645161290323,1,0,1,0.6000000000000001,0.11518324607329844,0.31379310344827616,0.2861788617886183,0.28205128205128194,0.5181818181818185,0.21411947245927077,0.12757201646090538,0.3642857142857141,-0.8666666666666667,0.0,0.08805031446540879,0.26530612244897966,0.4857142857142857,0.5789473684210527,-0.41746879552140753,0.23225806451612913,0.0,0.0,1,0,0,0,1,0,0,0,0,1,0,1,0,0,0,1,0,0
148,2025-05-29,1,74,0.1774193548387097,0,95.7,0.762614127823162,0.8833333333333333,54.5,2015,2,92,0.3225806451612903,3.05,3.03,9.0,62.0,4800.0,31,38,6488.0,7.580645161290323,1,0,1,0.6000000000000001,0.04712041884816753,0.31379310344827616,0.2861788617886183,0.28205128205128194,0.5181818181818185,0.20442203258339797,0.12757201646090538,0.3642857142857141,-0.8666666666666667,0.0,0.08805031446540879,0.26530612244897966,0.4857142857142857,0.5789473684210527,-0.40033132444089,0.23225806451612913,0.0,0.0,1,0,0,0,1,0,0,0,0,1,0,1,0,0,0,1,0,0
149,2025-05-30,0,77,0.1774193548387097,0,95.7,0.8154733301297453,0.8833333333333333,59.1,2280,2,92,0.3225806451612903,3.05,3.03,9.0,62.0,4800.0,31,37,6918.0,7.580645161290323,1,0,1,0.4,0.06282722513089006,0.31379310344827616,0.46504065040650433,0.28205128205128194,0.9363636363636365,0.30721489526764933,0.12757201646090538,0.3642857142857141,-0.8666666666666667,0.0,0.08805031446540879,0.26530612244897966,0.4857142857142857,0.5526315789473684,-0.35120390734340634,0.23225806451612913,0.0,0.0,1,0,0,0,0,0,1,0,0,1,0,1,0,0,0,1,0,0
150,2025-05-31,0,81,0.1774193548387097,0,95.7,0.8154733301297453,0.8833333333333333,59.1,2290,2,92,0.3225806451612903,3.05,3.03,9.0,62.0,4800.0,27,32,7898.0,8.703703703703704,1,0,1,0.4,0.08376963350785338,0.31379310344827616,0.46504065040650433,0.28205128205128194,0.9363636363636365,0.3110938712179985,0.12757201646090538,0.3642857142857141,-0.8666666666666667,0.0,0.08805031446540879,0.26530612244897966,0.3714285714285714,0.42105263157894735,-0.239239096284025,0.325925925925926,0.0,0.0,1,0,0,0,0,0,1,1,0,0,0,1,0,0,0,1,0,0
151,2025-06-01,0,91,0.1774193548387097,0,95.7,0.8154733301297453,0.8833333333333333,59.1,3110,2,92,0.3225806451612903,3.05,3.03,9.0,62.0,4800.0,27,32,8778.0,8.703703703703704,1,0,1,0.4,0.13612565445026176,0.31379310344827616,0.46504065040650433,0.28205128205128194,0.9363636363636365,0.6291698991466252,0.12757201646090538,0.3642857142857141,-0.8666666666666667,0.0,0.08805031446540879,0.26530612244897966,0.3714285714285714,0.42105263157894735,-0.13869926594498871,0.325925925925926,0.0,0.0,1,0,0,0,0,0,1,1,0,0,0,1,0,0,0,1,0,0
152,2025-02-06,0,91,0.1774193548387097,0,95.7,0.7991350312349833,0.8944444444444445,53.0,2081,2,98,0.3225806451612903,3.19,3.03,9.0,70.0,4800.0,30,37,6938.0,7.833333333333332,1,0,1,0.4,0.13612565445026176,0.31379310344827616,0.409756097560976,0.35042735042735096,0.38181818181818183,0.2300232738557021,0.15226337448559674,0.4642857142857142,-0.8666666666666667,0.0,0.1383647798742138,0.26530612244897966,0.45714285714285713,0.5526315789473684,-0.3489189111993374,0.25333333333333324,0.0,0.0,1,0,0,0,0,1,0,0,0,1,0,1,0,0,0,1,0,0
153,2025-06-03,0,91,0.1774193548387097,0,95.7,0.7991350312349833,0.8944444444444445,52.8,2109,2,98,0.3225806451612903,3.19,3.03,9.0,70.0,4800.0,30,37,7198.0,7.833333333333332,1,0,1,0.4,0.13612565445026176,0.31379310344827616,0.409756097560976,0.35042735042735096,0.3636363636363633,0.24088440651667964,0.15226337448559674,0.4642857142857142,-0.8666666666666667,0.0,0.1383647798742138,0.26530612244897966,0.45714285714285713,0.5526315789473684,-0.31921396132644025,0.25333333333333324,0.0,0.0,1,0,0,0,1,0,0,0,0,1,0,1,0,0,0,1,0,0
154,2025-04-06,0,91,0.1774193548387097,0,95.7,0.7991350312349833,0.8944444444444445,53.0,2275,2,110,0.10215053763440861,3.27,3.35,22.5,56.0,4500.0,34,36,7898.0,6.911764705882352,1,1,0,0.4,0.13612565445026176,0.31379310344827616,0.409756097560976,0.35042735042735096,0.38181818181818183,0.3052754072924748,0.20164609053497945,0.5214285714285716,0.2,16.874999999999986,0.05031446540880502,0.1428571428571428,0.5714285714285714,0.5263157894736842,-0.239239096284025,0.1764705882352941,1.0,-1.0,1,0,0,0,0,1,0,0,0,1,0,1,0,0,0,1,0,0
155,2025-06-05,0,91,0.1774193548387097,0,95.7,0.7991350312349833,0.8944444444444445,52.8,2275,2,110,0.10215053763440861,3.27,3.35,22.5,56.0,4500.0,38,47,7788.0,6.184210526315789,1,1,0,0.4,0.13612565445026176,0.31379310344827616,0.409756097560976,0.35042735042735096,0.3636363636363633,0.3052754072924748,0.20164609053497945,0.5214285714285716,0.2,16.874999999999986,0.05031446540880502,0.1428571428571428,0.6857142857142857,0.8157894736842104,-0.2518065750764046,0.11578947368421061,1.0,-1.0,1,0,0,0,1,0,0,0,0,1,0,1,0,0,0,1,0,0
156,2025-06-06,0,91,0.1774193548387097,0,95.7,0.7991350312349833,0.8944444444444445,53.0,2094,2,98,0.3225806451612903,3.19,3.03,9.0,70.0,4800.0,38,47,7738.0,6.184210526315789,1,0,1,0.4,0.13612565445026176,0.31379310344827616,0.409756097560976,0.35042735042735096,0.38181818181818183,0.23506594259115587,0.15226337448559674,0.4642857142857142,-0.8666666666666667,0.0,0.1383647798742138,0.26530612244897966,0.6857142857142857,0.8157894736842104,-0.2575190654365771,0.11578947368421061,0.0,0.0,1,0,0,0,0,1,0,0,0,1,0,1,0,0,0,1,0,0
157,2025-06-07,0,91,0.1774193548387097,0,95.7,0.7991350312349833,0.8944444444444445,52.8,2122,2,98,0.3225806451612903,3.19,3.03,9.0,70.0,4800.0,28,34,8358.0,8.392857142857142,1,0,1,0.4,0.13612565445026176,0.31379310344827616,0.409756097560976,0.35042735042735096,0.3636363636363633,0.24592707525213342,0.15226337448559674,0.4642857142857142,-0.8666666666666667,0.0,0.1383647798742138,0.26530612244897966,0.39999999999999997,0.4736842105263157,-0.18668418497043787,0.3,0.0,0.0,1,0,0,0,1,0,0,0,0,1,0,1,0,0,0,1,0,0
158,2025-08-06,0,91,0.1774193548387097,0,95.7,0.7991350312349833,0.8944444444444445,52.8,2140,2,98,0.3225806451612903,3.19,3.03,9.0,70.0,4800.0,28,34,9258.0,8.392857142857142,1,0,1,0.4,0.13612565445026176,0.31379310344827616,0.409756097560976,0.35042735042735096,0.3636363636363633,0.2529092319627618,0.15226337448559674,0.4642857142857142,-0.8666666666666667,0.0,0.1383647798742138,0.26530612244897966,0.39999999999999997,0.4736842105263157,-0.08385935848733256,0.3,0.0,0.0,1,0,0,0,0,1,0,0,0,1,0,1,0,0,0,1,0,0
159,2025-06-09,1,168,0.1774193548387097,1,94.5,0.810667948101874,0.8888888888888888,52.6,2169,2,98,0.3225806451612903,3.19,3.03,9.0,70.0,4800.0,29,34,8058.0,8.103448275862071,1,0,1,0.6000000000000001,0.5392670157068062,0.27241379310344804,0.448780487804878,0.316239316239316,0.3454545454545457,0.26415826221877425,0.15226337448559674,0.4642857142857142,-0.8666666666666667,0.0,0.1383647798742138,0.26530612244897966,0.42857142857142855,0.4736842105263157,-0.22095912713147298,0.2758620689655175,0.0,0.0,1,0,0,0,0,1,0,0,0,0,1,1,0,0,0,1,0,0
160,2025-10-06,1,168,0.1774193548387097,1,94.5,0.810667948101874,0.8888888888888888,52.6,2204,2,98,0.3225806451612903,3.19,3.03,9.0,70.0,4800.0,29,34,8238.0,8.103448275862071,1,0,1,0.6000000000000001,0.5392670157068062,0.27241379310344804,0.448780487804878,0.316239316239316,0.3454545454545457,0.2777346780449961,0.15226337448559674,0.4642857142857142,-0.8666666666666667,0.0,0.1383647798742138,0.26530612244897966,0.42857142857142855,0.4736842105263157,-0.2003941618348519,0.2758620689655175,0.0,0.0,1,0,0,0,1,0,0,0,0,0,1,1,0,0,0,1,0,0
161,2025-06-11,1,168,0.1774193548387097,1,94.5,0.810667948101874,0.8888888888888888,52.6,2265,2,98,0.46774193548387094,3.24,3.08,9.4,112.0,6600.0,26,29,9298.0,9.038461538461537,2,0,1,0.6000000000000001,0.5392670157068062,0.27241379310344804,0.448780487804878,0.316239316239316,0.3454545454545457,0.3013964313421257,0.15226337448559674,0.5000000000000002,-0.6999999999999993,0.5,0.4025157232704403,0.9999999999999998,0.3428571428571429,0.3421052631578947,-0.07928936619919454,0.35384615384615375,0.0,0.0,1,0,0,0,0,1,0,0,0,0,1,1,0,1,0,0,0,0
162,2025-12-06,1,168,0.1774193548387097,1,94.5,0.810667948101874,0.8888888888888888,52.6,2300,2,98,0.46774193548387094,3.24,3.08,9.4,112.0,6600.0,26,29,9538.0,9.038461538461537,2,0,1,0.6000000000000001,0.5392670157068062,0.27241379310344804,0.448780487804878,0.316239316239316,0.3454545454545457,0.3149728471683475,0.15226337448559674,0.5000000000000002,-0.6999999999999993,0.5,0.4025157232704403,0.9999999999999998,0.3428571428571429,0.3421052631578947,-0.05186941247036646,0.35384615384615375,0.0,0.0,1,0,0,0,1,0,0,0,0,0,1,1,0,1,0,0,0,0
163,2025-06-13,2,134,0.1774193548387097,1,98.4,0.8467083133109082,0.9111111111111108,52.0,2540,2,146,0.46774193548387094,3.62,3.5,9.3,116.0,4800.0,24,30,8449.0,9.791666666666666,2,0,1,0.8,0.36125654450261785,0.4068965517241381,0.5707317073170732,0.4529914529914514,0.290909090909091,0.4080682699767262,0.3497942386831276,0.7714285714285716,0.6999999999999993,0.37500000000000056,0.4276729559748428,0.26530612244897966,0.28571428571428575,0.368421052631579,-0.1762874525149239,0.4166666666666667,0.0,0.0,1,0,0,1,0,0,0,0,0,0,1,1,0,0,0,1,0,0
164,2025-06-14,2,134,0.1774193548387097,1,98.4,0.8467083133109082,0.9111111111111108,52.0,2536,2,146,0.46774193548387094,3.62,3.5,9.3,116.0,4800.0,24,30,9639.0,9.791666666666666,2,0,1,0.8,0.36125654450261785,0.4068965517241381,0.5707317073170732,0.4529914529914514,0.290909090909091,0.40651667959658644,0.3497942386831276,0.7714285714285716,0.6999999999999993,0.37500000000000056,0.4276729559748428,0.26530612244897966,0.28571428571428575,0.368421052631579,-0.04033018194281797,0.4166666666666667,0.0,0.0,1,0,0,1,0,0,0,0,0,0,1,1,0,0,0,1,0,0
165,2025-06-15,2,134,0.1774193548387097,1,98.4,0.8467083133109082,0.9111111111111108,52.0,2551,2,146,0.46774193548387094,3.62,3.5,9.3,116.0,4800.0,24,30,9989.0,9.791666666666666,2,0,1,0.8,0.36125654450261785,0.4068965517241381,0.5707317073170732,0.4529914529914514,0.290909090909091,0.4123351435221102,0.3497942386831276,0.7714285714285716,0.6999999999999993,0.37500000000000056,0.4276729559748428,0.26530612244897966,0.28571428571428575,0.368421052631579,-0.000342749421610351,0.4166666666666667,0.0,0.0,1,0,0,0,1,0,0,0,0,0,1,1,0,0,0,1,0,0
166,2025-06-16,2,134,0.1774193548387097,1,98.4,0.8467083133109082,0.9111111111111108,52.0,2679,2,146,0.46774193548387094,3.62,3.5,9.3,116.0,4800.0,24,30,11199.0,9.791666666666666,2,0,1,0.8,0.36125654450261785,0.4068965517241381,0.5707317073170732,0.4529914529914514,0.290909090909091,0.4619860356865788,0.3497942386831276,0.7714285714285716,0.6999999999999993,0.37500000000000056,0.4276729559748428,0.26530612244897966,0.28571428571428575,0.368421052631579,0.13789951729456457,0.4166666666666667,0.0,0.0,1,0,0,1,0,0,0,0,0,0,1,1,0,0,0,1,0,0
167,2025-06-17,2,134,0.1774193548387097,1,98.4,0.8467083133109082,0.9111111111111108,52.0,2714,2,146,0.46774193548387094,3.62,3.5,9.3,116.0,4800.0,24,30,11549.0,9.791666666666666,2,0,1,0.8,0.36125654450261785,0.4068965517241381,0.5707317073170732,0.4529914529914514,0.290909090909091,0.4755624515128005,0.3497942386831276,0.7714285714285716,0.6999999999999993,0.37500000000000056,0.4276729559748428,0.26530612244897966,0.28571428571428575,0.368421052631579,0.1778869498157722,0.4166666666666667,0.0,0.0,1,0,0,0,1,0,0,0,0,0,1,1,0,0,0,1,0,0
168,2025-06-18,2,134,0.1774193548387097,1,98.4,0.8467083133109082,0.9111111111111108,53.0,2975,2,146,0.46774193548387094,3.62,3.5,9.3,116.0,4800.0,24,30,17669.0,9.791666666666666,2,0,1,0.8,0.36125654450261785,0.4068965517241381,0.5707317073170732,0.4529914529914514,0.38181818181818183,0.5768037238169124,0.3497942386831276,0.7714285714285716,0.6999999999999993,0.37500000000000056,0.4276729559748428,0.26530612244897966,0.28571428571428575,0.368421052631579,0.8770957699008883,0.4166666666666667,0.0,0.0,1,0,1,0,0,0,0,0,0,0,1,1,0,0,0,1,0,0
169,2025-06-19,-1,65,0.1774193548387097,0,102.4,0.8438250840941854,0.9236111111111112,54.9,2326,2,122,0.46774193548387094,3.31,3.54,8.7,92.0,4200.0,29,34,8948.0,8.103448275862071,1,0,1,0.2,0.0,0.5448275862068965,0.5609756097560976,0.5299145299145307,0.5545454545454547,0.3250581846392552,0.25102880658436216,0.55,0.8333333333333326,-0.37500000000000056,0.2767295597484276,0.020408163265306145,0.42857142857142855,0.4736842105263157,-0.11927679872040216,0.2758620689655175,0.0,0.0,1,0,0,0,0,1,0,0,0,1,0,1,0,0,0,1,0,0
170,2025-06-20,-1,65,0.1774193548387097,0,102.4,0.8438250840941854,0.9236111111111112,54.9,2480,2,110,0.10215053763440861,3.27,3.35,22.5,73.0,4500.0,30,33,10698.0,7.833333333333332,1,1,0,0.2,0.0,0.5448275862068965,0.5609756097560976,0.5299145299145307,0.5545454545454547,0.38479441427463146,0.20164609053497945,0.5214285714285716,0.2,16.874999999999986,0.1572327044025157,0.1428571428571428,0.45714285714285713,0.4473684210526315,0.08066036388563594,0.25333333333333324,1.0,-1.0,0,1,0,0,0,1,0,0,0,1,0,1,0,0,0,1,0,0
171,2025-06-21,-1,65,0.1774193548387097,0,102.4,0.8438250840941854,0.9236111111111112,53.9,2414,2,122,0.46774193548387094,3.31,3.54,8.7,92.0,4200.0,27,32,9988.0,8.703703703703704,1,0,1,0.2,0.0,0.5448275862068965,0.5609756097560976,0.5299145299145307,0.46363636363636385,0.35919317300232734,0.25102880658436216,0.55,0.8333333333333326,-0.37500000000000056,0.2767295597484276,0.020408163265306145,0.3714285714285714,0.42105263157894735,-0.0004569992288138014,0.325925925925926,0.0,0.0,1,0,0,0,1,0,0,0,0,1,0,1,0,0,0,1,0,0
172,2025-06-22,-1,65,0.1774193548387097,0,102.4,0.8438250840941854,0.9236111111111112,54.9,2414,2,122,0.46774193548387094,3.31,3.54,8.7,92.0,4200.0,27,32,10898.0,8.703703703703704,1,0,1,0.2,0.0,0.5448275862068965,0.5609756097560976,0.5299145299145307,0.5545454545454547,0.35919317300232734,0.25102880658436216,0.55,0.8333333333333326,-0.37500000000000056,0.2767295597484276,0.020408163265306145,0.3714285714285714,0.42105263157894735,0.10351032532632601,0.325925925925926,0.0,0.0,1,0,0,0,0,1,0,0,0,1,0,1,0,0,0,1,0,0
173,2025-06-23,-1,65,0.1774193548387097,0,102.4,0.8438250840941854,0.9236111111111112,53.9,2458,2,122,0.46774193548387094,3.31,3.54,8.7,92.0,4200.0,27,32,11248.0,8.703703703703704,1,0,1,0.2,0.0,0.5448275862068965,0.5609756097560976,0.5299145299145307,0.46363636363636385,0.3762606671838634,0.25102880658436216,0.55,0.8333333333333326,-0.37500000000000056,0.2767295597484276,0.020408163265306145,0.3714285714285714,0.42105263157894735,0.14349775784753363,0.325925925925926,0.0,0.0,1,0,0,0,1,0,0,0,0,1,0,1,0,0,0,1,0,0
174,2025-06-24,3,197,0.1774193548387097,1,102.9,0.8817876021143681,0.9402777777777778,52.0,2976,3,171,0.46774193548387094,3.27,3.35,9.3,161.0,5200.0,20,24,16558.0,11.75,0,0,1,1.0,0.6910994764397906,0.5620689655172417,0.6894308943089431,0.6324786324786329,0.290909090909091,0.5771916214119472,0.45267489711934156,0.5214285714285716,0.2,0.37500000000000056,0.710691823899371,0.4285714285714286,0.17142857142857143,0.21052631578947367,0.7501642340978549,0.5800000000000001,0.0,0.0,1,0,0,0,1,0,0,0,0,0,1,1,0,1,0,0,0,0
175,2025-06-25,3,197,0.1774193548387097,1,102.9,0.8817876021143681,0.9402777777777778,52.0,3016,3,171,0.46774193548387094,3.27,3.35,9.3,161.0,5200.0,19,24,15998.0,12.36842105263158,0,0,1,1.0,0.6910994764397906,0.5620689655172417,0.6894308943089431,0.6324786324786329,0.290909090909091,0.5927075252133436,0.45267489711934156,0.5214285714285716,0.2,0.37500000000000056,0.710691823899371,0.4285714285714286,0.14285714285714285,0.21052631578947367,0.6861843420639228,0.6315789473684212,0.0,0.0,1,0,0,0,1,0,0,0,0,0,1,1,0,1,0,0,0,0
176,2025-06-26,-1,90,0.1774193548387097,0,104.5,0.9024507448342144,0.9236111111111112,54.1,3131,3,171,0.46774193548387094,3.27,3.35,9.2,156.0,5200.0,20,24,15690.0,11.75,0,0,1,0.2,0.13089005235602097,0.6172413793103448,0.7593495934959353,0.5299145299145307,0.48181818181818237,0.6373157486423584,0.45267489711934156,0.5214285714285716,0.2,0.2499999999999989,0.6792452830188679,0.4285714285714286,0.17142857142857143,0.21052631578947367,0.65099540144526,0.5800000000000001,0.0,0.0,1,0,0,0,0,1,0,0,0,0,1,1,0,1,0,0,0,0
177,2025-06-27,-1,122,0.1774193548387097,0,104.5,0.9024507448342144,0.9236111111111112,54.1,3151,3,161,0.46774193548387094,3.27,3.35,9.2,156.0,5200.0,19,24,15750.0,12.36842105263158,0,0,1,0.2,0.29842931937172773,0.6172413793103448,0.7593495934959353,0.5299145299145307,0.48181818181818237,0.6450737005430567,0.41152263374485604,0.5214285714285716,0.2,0.2499999999999989,0.6792452830188679,0.4285714285714286,0.14285714285714285,0.21052631578947367,0.6578503898774671,0.6315789473684212,0.0,0.0,1,0,0,0,0,0,1,0,0,0,1,1,0,1,0,0,0,0
178,2025-06-28,2,122,0.06451612903225806,1,97.3,0.8250840941854877,0.9097222222222222,55.7,2261,2,97,0.10215053763440861,3.01,3.4,23.0,52.0,4800.0,37,46,7775.0,6.351351351351353,1,1,0,0.8,0.29842931937172773,0.36896551724137927,0.4975609756097561,0.44444444444444464,0.6272727272727279,0.29984484096198605,0.14814814814814814,0.33571428571428563,0.3666666666666659,17.499999999999986,0.02515723270440251,0.26530612244897966,0.6571428571428573,0.7894736842105263,-0.2532918225700494,0.1297297297297299,1.0,-1.0,1,0,0,0,0,1,0,0,0,1,0,1,0,0,0,1,0,0
179,2025-06-29,2,122,0.06451612903225806,1,97.3,0.8250840941854877,0.9097222222222222,55.7,2209,2,109,0.46774193548387094,3.19,3.4,9.0,85.0,5250.0,27,34,7975.0,8.703703703703704,1,0,1,0.8,0.29842931937172773,0.36896551724137927,0.4975609756097561,0.44444444444444464,0.6272727272727279,0.2796741660201707,0.19753086419753085,0.4642857142857142,0.3666666666666659,0.0,0.23270440251572322,0.4489795918367345,0.3714285714285714,0.4736842105263157,-0.23044186112935935,0.325925925925926,0.0,0.0,1,0,0,0,0,1,0,0,0,1,0,1,0,0,0,1,0,0
180,2025-06-30,2,94,0.06451612903225806,0,97.3,0.8250840941854877,0.9097222222222222,55.7,2264,2,97,0.10215053763440861,3.01,3.4,23.0,52.0,4800.0,37,46,7995.0,6.351351351351353,1,1,0,0.8,0.1518324607329843,0.36896551724137927,0.4975609756097561,0.44444444444444464,0.6272727272727279,0.3010085337470908,0.14814814814814814,0.33571428571428563,0.3666666666666659,17.499999999999986,0.02515723270440251,0.26530612244897966,0.6571428571428573,0.7894736842105263,-0.22815686498529034,0.1297297297297299,1.0,-1.0,1,0,0,0,0,1,0,0,0,1,0,1,0,0,0,1,0,0
181,2025-07-01,2,94,0.06451612903225806,0,97.3,0.8250840941854877,0.9097222222222222,55.7,2212,2,109,0.46774193548387094,3.19,3.4,9.0,85.0,5250.0,27,34,8195.0,8.703703703703704,1,0,1,0.8,0.1518324607329843,0.36896551724137927,0.4975609756097561,0.44444444444444464,0.6272727272727279,0.28083785880527545,0.19753086419753085,0.4642857142857142,0.3666666666666659,0.0,0.23270440251572322,0.4489795918367345,0.3714285714285714,0.4736842105263157,-0.20530690354460027,0.325925925925926,0.0,0.0,1,0,0,0,0,1,0,0,0,1,0,1,0,0,0,1,0,0
182,2025-02-07,2,94,0.06451612903225806,0,97.3,0.8250840941854877,0.9097222222222222,55.7,2275,2,109,0.46774193548387094,3.19,3.4,9.0,85.0,5250.0,27,34,8495.0,8.703703703703704,1,0,1,0.8,0.1518324607329843,0.36896551724137927,0.4975609756097561,0.44444444444444464,0.6272727272727279,0.3052754072924748,0.19753086419753085,0.4642857142857142,0.3666666666666659,0.0,0.23270440251572322,0.4489795918367345,0.3714285714285714,0.4736842105263157,-0.17103196138356516,0.325925925925926,0.0,0.0,1,0,0,0,0,1,0,0,0,1,0,1,0,0,0,1,0,0
183,2025-07-03,2,94,0.06451612903225806,0,97.3,0.8250840941854877,0.9097222222222222,55.7,2319,2,97,0.10215053763440861,3.01,3.4,23.0,68.0,4500.0,37,42,9495.0,6.351351351351353,1,1,0,0.8,0.1518324607329843,0.36896551724137927,0.4975609756097561,0.44444444444444464,0.6272727272727279,0.3223429014740109,0.14814814814814814,0.33571428571428563,0.3666666666666659,17.499999999999986,0.12578616352201255,0.1428571428571428,0.6571428571428573,0.6842105263157894,-0.05678215418011482,0.1297297297297299,1.0,-1.0,0,1,0,0,0,1,0,0,0,1,0,1,0,0,0,1,0,0
184,2025-04-07,2,94,0.06451612903225806,0,97.3,0.8250840941854877,0.9097222222222222,55.7,2300,2,109,0.46774193548387094,3.19,3.4,10.0,100.0,5500.0,26,32,9995.0,9.038461538461537,1,0,1,0.8,0.1518324607329843,0.36896551724137927,0.4975609756097561,0.44444444444444464,0.6272727272727279,0.3149728471683475,0.19753086419753085,0.4642857142857142,0.3666666666666659,1.249999999999999,0.32704402515723274,0.5510204081632655,0.3428571428571429,0.42105263157894735,0.000342749421610351,0.35384615384615375,0.0,0.0,1,0,0,0,0,1,0,0,0,1,0,1,0,0,0,1,0,0
185,2025-07-05,3,122,0.06451612903225806,1,94.5,0.7654973570398848,0.8916666666666667,55.6,2254,2,109,0.46774193548387094,3.19,3.4,8.5,90.0,5500.0,24,29,11595.0,9.791666666666666,1,0,1,1.0,0.29842931937172773,0.27241379310344804,0.2959349593495939,0.3333333333333339,0.6181818181818182,0.29712955779674166,0.19753086419753085,0.4642857142857142,0.3666666666666659,-0.6249999999999994,0.26415094339622636,0.5510204081632655,0.28571428571428575,0.3421052631578947,0.1831424409471309,0.4166666666666667,0.0,0.0,1,0,1,0,0,0,0,0,0,1,0,1,0,0,0,1,0,0
186,2025-06-07,3,256,0.06451612903225806,1,94.5,0.7962518020182604,0.8888888888888888,51.4,2221,2,109,0.46774193548387094,3.19,3.4,8.5,90.0,5500.0,24,29,9980.0,9.791666666666666,1,0,1,1.0,1.0,0.27241379310344804,0.3999999999999999,0.316239316239316,0.23636363636363633,0.2843289371605896,0.19753086419753085,0.4642857142857142,0.3666666666666659,-0.6249999999999994,0.26415094339622636,0.5510204081632655,0.28571428571428575,0.3421052631578947,-0.001370997686441404,0.4166666666666667,0.0,0.0,1,0,0,0,1,0,0,0,0,1,0,1,0,0,0,1,0,0
187,2025-07-07,0,122,0.06451612903225806,0,100.4,0.8659298414223928,0.9291666666666668,55.1,2661,1,136,0.46774193548387094,3.19,3.4,8.5,110.0,5500.0,19,24,13295.0,12.36842105263158,2,0,1,0.4,0.29842931937172773,0.4758620689655175,0.6357723577235763,0.5641025641025648,0.5727272727272732,0.4550038789759503,0.30864197530864196,0.4642857142857142,0.3666666666666659,-0.6249999999999994,0.389937106918239,0.5510204081632655,0.14285714285714285,0.21052631578947367,0.3773671131929965,0.6315789473684212,0.0,0.0,1,0,0,0,0,1,0,0,0,1,0,1,0,0,0,1,0,0
188,2025-08-07,0,122,0.06451612903225806,0,100.4,0.8659298414223928,0.9291666666666668,55.1,2579,2,97,0.10215053763440861,3.01,3.4,23.0,68.0,4500.0,33,38,13845.0,7.121212121212121,1,1,0,0.4,0.29842931937172773,0.4758620689655175,0.6357723577235763,0.5641025641025648,0.5727272727272732,0.42319627618308764,0.14814814814814814,0.33571428571428563,0.3666666666666659,17.499999999999986,0.12578616352201255,0.1428571428571428,0.5428571428571429,0.5789473684210527,0.4402045071548942,0.19393939393939402,1.0,-1.0,0,1,0,0,0,1,0,0,0,1,0,1,0,0,0,1,0,0
189,2025-07-09,0,122,0.06451612903225806,0,100.4,0.8798654493032196,0.9291666666666668,55.1,2563,2,109,0.46774193548387094,3.19,3.4,9.0,88.0,5500.0,25,31,12290.0,9.4,1,0,1,0.4,0.29842931937172773,0.4758620689655175,0.6829268292682928,0.5641025641025648,0.5727272727272732,0.4169899146625291,0.19753086419753085,0.4642857142857142,0.3666666666666659,0.0,0.2515723270440251,0.5510204081632655,0.31428571428571433,0.39473684210526316,0.2625460569535289,0.38400000000000006,0.0,0.0,1,0,0,0,0,0,1,0,0,1,0,1,0,0,0,1,0,0
190,2025-10-07,-2,103,0.05913978494623656,0,104.3,0.9072561268620856,0.9333333333333332,56.2,2912,2,141,0.46774193548387094,3.78,3.15,9.5,114.0,5400.0,23,28,12940.0,10.217391304347826,2,0,1,0.0,0.19895287958115188,0.6103448275862067,0.7756097560975612,0.5897435897435894,0.6727272727272728,0.5523661753297129,0.3292181069958848,0.8857142857142855,-0.4666666666666667,0.6249999999999994,0.41509433962264153,0.5102040816326532,0.2571428571428572,0.3157894736842105,0.3368084316357716,0.45217391304347837,0.0,0.0,1,0,0,0,0,1,0,0,0,0,1,1,0,0,0,1,0,0
191,2025-07-11,-1,74,0.05913978494623656,0,104.3,0.9072561268620856,0.9333333333333332,57.5,3034,2,141,0.46774193548387094,3.78,3.15,9.5,114.0,5400.0,23,28,13415.0,10.217391304347826,2,0,1,0.2,0.04712041884816753,0.6103448275862067,0.7756097560975612,0.5897435897435894,0.790909090909091,0.5996896819239721,0.3292181069958848,0.8857142857142855,-0.4666666666666667,0.6249999999999994,0.41509433962264153,0.5102040816326532,0.2571428571428572,0.3157894736842105,0.39107709005741054,0.45217391304347837,0.0,0.0,1,0,0,0,0,0,1,0,0,0,1,1,0,0,0,1,0,0
192,2025-12-07,-2,103,0.05913978494623656,0,104.3,0.9072561268620856,0.9333333333333332,56.2,2935,2,141,0.46774193548387094,3.78,3.15,9.5,114.0,5400.0,24,28,15985.0,9.791666666666666,2,0,1,0.0,0.19895287958115188,0.6103448275862067,0.7756097560975612,0.5897435897435894,0.6727272727272728,0.5612878200155158,0.3292181069958848,0.8857142857142855,-0.4666666666666667,0.6249999999999994,0.41509433962264153,0.5102040816326532,0.28571428571428575,0.3157894736842105,0.6846990945702779,0.4166666666666667,0.0,0.0,1,0,0,0,0,1,0,0,0,0,1,1,0,0,0,1,0,0
193,2025-07-13,-1,74,0.05913978494623656,0,104.3,0.9072561268620856,0.9333333333333332,57.5,3042,2,141,0.46774193548387094,3.78,3.15,9.5,114.0,5400.0,24,28,16515.0,9.791666666666666,2,0,1,0.2,0.04712041884816753,0.6103448275862067,0.7756097560975612,0.5897435897435894,0.790909090909091,0.6027928626842514,0.3292181069958848,0.8857142857142855,-0.4666666666666667,0.6249999999999994,0.41509433962264153,0.5102040816326532,0.28571428571428575,0.3157894736842105,0.7452514923881066,0.4166666666666667,0.0,0.0,1,0,0,0,0,0,1,0,0,0,1,1,0,0,0,1,0,0
194,2025-07-14,-2,103,0.05913978494623656,0,104.3,0.9072561268620856,0.9333333333333332,56.2,3045,2,130,0.46774193548387094,3.62,3.15,7.5,162.0,5100.0,17,22,18420.0,13.823529411764708,0,0,1,0.0,0.19895287958115188,0.6103448275862067,0.7756097560975612,0.5897435897435894,0.6727272727272728,0.603956555469356,0.2839506172839506,0.7714285714285716,-0.4666666666666667,-1.8749999999999984,0.7169811320754716,0.3877551020408163,0.08571428571428574,0.1578947368421053,0.9628973751106795,0.7529411764705887,0.0,0.0,0,1,0,0,0,1,0,0,0,0,1,1,0,0,0,1,0,0
195,2025-07-15,-1,74,0.05913978494623656,0,104.3,0.9072561268620856,0.9333333333333332,57.5,3157,2,130,0.46774193548387094,3.62,3.15,7.5,162.0,5100.0,17,22,18950.0,13.823529411764708,0,0,1,0.2,0.04712041884816753,0.6103448275862067,0.7756097560975612,0.5897435897435894,0.790909090909091,0.6474010861132662,0.2839506172839506,0.7714285714285716,-0.4666666666666667,-1.8749999999999984,0.7169811320754716,0.3877551020408163,0.08571428571428574,0.1578947368421053,1.0234497729285081,0.7529411764705887,0.0,0.0,0,1,0,0,0,0,1,0,0,0,1,1,0,0,0,1,0,0
196,2025-07-16,-1,95,0.05913978494623656,0,109.1,0.9072561268620856,0.9569444444444444,55.5,2952,2,141,0.46774193548387094,3.78,3.15,9.5,114.0,5400.0,23,28,16845.0,10.217391304347826,2,0,1,0.2,0.15706806282722513,0.7758620689655169,0.7756097560975612,0.7350427350427351,0.6090909090909093,0.5678820791311094,0.3292181069958848,0.8857142857142855,-0.4666666666666667,0.6249999999999994,0.41509433962264153,0.5102040816326532,0.2571428571428572,0.3157894736842105,0.7829539287652452,0.45217391304347837,0.0,0.0,1,0,0,0,0,1,0,0,0,0,1,1,0,0,0,1,0,0
197,2025-07-17,-1,95,0.05913978494623656,0,109.1,0.9072561268620856,0.9555555555555556,55.5,3049,2,141,0.46774193548387094,3.78,3.15,8.7,160.0,5300.0,19,25,19045.0,12.36842105263158,0,0,1,0.2,0.15706806282722513,0.7758620689655169,0.7756097560975612,0.7264957264957266,0.6090909090909093,0.6055081458494957,0.3292181069958848,0.8857142857142855,-0.4666666666666667,-0.37500000000000056,0.7044025157232704,0.4693877551020409,0.14285714285714285,0.23684210526315785,1.034303504612836,0.6315789473684212,0.0,0.0,0,1,0,0,0,1,0,0,0,0,1,1,0,0,0,1,0,0
198,2025-07-18,-1,95,0.05913978494623656,0,109.1,0.9072561268620856,0.9569444444444444,55.5,3012,3,173,0.46774193548387094,3.58,2.87,8.8,134.0,5500.0,18,23,21485.0,13.055555555555555,2,0,1,0.2,0.15706806282722513,0.7758620689655169,0.7756097560975612,0.7350427350427351,0.6090909090909093,0.591155934833204,0.46090534979423875,0.7428571428571431,-1.3999999999999986,-0.2499999999999989,0.5408805031446541,0.5510204081632655,0.11428571428571427,0.1842105263157895,1.3130730341892547,0.6888888888888891,0.0,0.0,1,0,0,0,0,1,0,0,0,0,1,1,0,0,0,0,0,1
199,2025-07-19,-1,95,0.05913978494623656,0,109.1,0.9072561268620856,0.9569444444444444,55.5,3217,3,145,0.10215053763440861,3.01,3.4,23.0,106.0,4800.0,26,27,22470.0,9.038461538461537,2,1,0,0.2,0.15706806282722513,0.7758620689655169,0.7756097560975612,0.7350427350427351,0.6090909090909093,0.6706749418153608,0.34567901234567905,0.33571428571428563,0.3666666666666659,17.499999999999986,0.3647798742138365,0.26530612244897966,0.3428571428571429,0.2894736842105263,1.4256090942846533,0.35384615384615375,1.0,-1.0,0,1,0,0,0,1,0,0,0,0,1,1,0,0,0,1,0,0
200,2025-07-20,-1,95,0.05913978494623656,0,109.1,0.9072561268620856,0.9569444444444444,55.5,3062,2,141,0.46774193548387094,3.78,3.15,9.5,114.0,5400.0,19,25,22625.0,12.36842105263158,2,0,1,0.2,0.15706806282722513,0.7758620689655169,0.7756097560975612,0.7350427350427351,0.6090909090909093,0.6105508145849496,0.3292181069958848,0.8857142857142855,-0.4666666666666667,0.6249999999999994,0.41509433962264153,0.5102040816326532,0.14285714285714285,0.23684210526315785,1.4433178144011882,0.6315789473684212,0.0,0.0,0,1,0,0,0,1,0,0,0,0,1,1,0,0,0,1,0,0
